Timestamp,Depth,ROP,WOB,RPM,Torque,MSE,Formation_Hardness
00:00.0,2000,50,71.46214353,161.5114628,1,2504077.957,0.602423209
06:00.0,2005,50,69.54413349,159.9954104,1,2446536.491,0.639912093
12:00.0,2010,47.9505226,62.92081052,159.4179621,1,2287172.93,0.638393779
18:15.4,2015,49.30148579,66.86553351,164.3128529,1,2396227.305,0.657301355
24:20.5,2020,50,67.12767284,166.1340201,1,2401642.893,0.561669613
30:20.5,2025,46.07184278,62.60121876,160.4203669,1.280835773,2473099.077,0.656158521
36:51.2,2030,50,63.34657278,161.0791006,1,2281121.776,0.488011837
42:51.2,2035,50,72.57903146,160.5223969,1,2531165.905,0.588630335
48:51.2,2040,50,76.64252737,166.6030169,1,2662911.08,0.592803661
54:51.2,2045,50,68.66717035,159.5928954,1,2421223.851,0.646183398
00:51.2,2050,50,73.92788456,164.2113841,1,2580626.876,0.613161967
06:51.2,2055,50,59.06811565,173.233905,1,2206046.071,0.539485516
12:51.2,2060,50,72.44663158,168.5666145,1,2555139.2,0.558472802
18:51.2,2065,50,66.48075227,160.9453365,1,2366194.629,0.615845893
24:51.2,2070,50,71.79765875,158.5752558,1,2503164.851,0.600383131
30:51.2,2075,50,68.54326629,149.5406227,1,2383369.701,0.574044008
36:51.2,2080,50,76.56555533,161.1785214,1,2642207.995,0.577864688
42:51.2,2085,50,66.96386625,157.4734823,1.380097235,2572737.427,0.635866124
48:51.2,2090,50,73.22446721,163.9274002,1,2560456.776,0.574571746
54:51.2,2095,50,69.25218041,160.0797037,1,2438858.18,0.595699271
00:51.2,2100,48.25014747,72.4460848,153.6822035,1,2523193.786,0.708497809
07:04.2,2105,50,68.45197554,154.9790166,1,2399528.567,0.52896394
13:04.2,2110,50,64.77405484,160.0887767,1.227714877,2441697.268,0.507952605
19:04.2,2115,50,71.96231402,160.6660497,1,2514828.359,0.640369481
25:04.2,2120,50,70.21635176,170.2510321,1,2500051.459,0.568150074
31:04.2,2125,50,72.2589763,160.1563445,1,2521176.295,0.587307324
37:04.2,2130,50,71.0888691,163.2313082,1,2499789.28,0.565540256
43:04.2,2135,50,75.37064618,164.9169997,1.467764518,2886967.99,0.593225398
49:04.2,2140,50,78.21132947,151.4314751,1.438351513,2881336.337,0.687994053
55:04.2,2145,50,67.59839269,159.038568,1,2390155.985,0.650255097
01:04.2,2150,50,77.41415201,153.1463789,1,2637821.08,0.655565958
07:04.2,2155,50,64.74242737,166.4309925,1,2337568.106,0.544168356
13:04.2,2160,50,74.0689004,161.9919255,1,2576863.878,0.560159454
19:04.2,2165,50,72.49523282,166.5370388,1,2549505.389,0.478706304
25:04.2,2170,49.34654485,62.28879111,156.0038215,1,2241934.5,0.583332601
31:09.0,2175,50,74.47283584,158.9536305,1,2577467.86,0.674968662
37:09.0,2180,50,71.34934357,166.6284383,1,2518547.579,0.656494817
43:09.0,2185,50,69.24724154,152.6578784,1,2413271.323,0.623259163
49:09.0,2190,50,80.20691084,155.2363838,1.017982451,2730775.826,0.637071275
55:09.0,2195,50,69.6194944,159.3959312,1,2446537.259,0.607747977
01:09.0,2200,50,70.06238567,159.733299,1,2459780.69,0.656580652
07:09.0,2205,49.19225032,75.30749604,151.3580793,1,2582720.957,0.688921192
13:14.9,2210,50,75.84958147,145.3689405,1,2568452.44,0.574240914
19:14.9,2215,50,74.09541632,161.4405,1.185591295,2678446.639,0.674538002
25:14.9,2220,50,81.56319822,156.6181575,1.208270279,2874816.095,0.710798815
31:14.9,2225,50,77.05686029,146.9898503,1,2606957.685,0.64813305
37:14.9,2230,41.06413088,64.99614199,149.6807799,1,2398749.407,0.708711851
44:33.3,2235,43.13436755,75.87314552,155.1982,1,2687517.737,0.819264094
51:30.6,2240,49.84051308,72.58232175,161.2116318,1,2535388.424,0.678222443
57:31.7,2245,50,78.57408752,157.1482528,1,2683199.5,0.708054538
03:31.7,2250,43.92748924,61.96879897,153.9274771,1,2291969.672,0.656464956
10:21.5,2255,50,89.11126194,152.7032666,1.366124477,3147244.723,0.70742557
16:21.5,2260,50,79.55988131,150.6361233,1,2687769.35,0.726375886
22:21.5,2265,50,77.56026034,157.2269085,1,2655801.953,0.718095311
28:21.5,2270,50,81.53697652,149.750964,1,2738688.638,0.662338438
34:21.5,2275,50,88.98078867,146.8642588,1,2931930.304,0.728578002
40:21.5,2280,47.81543005,83.28713982,152.6434632,1,2820285.903,0.796260779
46:37.9,2285,50,82.71801899,149.4431726,1.329325401,2938640.897,0.750415974
52:37.9,2290,46.72789106,79.43751011,155.0218612,1,2736697.011,0.780846803
59:03.1,2295,49.2792842,76.89443216,147.2867395,1,2610930.3,0.725578252
05:08.4,2300,45.52308768,76.5818518,147.7265336,1,2646342.702,0.779511716
11:43.8,2305,42.38377754,74.48978807,144.1909369,1,2616160.71,0.760462929
18:48.5,2310,48.15722641,73.95380151,151.4372266,1,2557399.667,0.70332061
25:02.3,2315,40.95684901,72.3213912,140.7189287,1.018200364,2573495.279,0.771031667
32:21.8,2320,48.40924301,77.36022785,148.4686356,1,2637038.881,0.709622518
38:33.6,2325,40.2392788,69.93144949,142.5970331,1.087363417,2569145.293,0.731517085
46:00.9,2330,47.83361024,80.46626773,151.0386436,1,2737343.671,0.776423392
52:17.2,2335,45.90152929,79.64601555,150.6316873,1,2736228.368,0.78544771
58:49.4,2340,47.15544598,78.99789383,141.6298726,1.027161188,2684833.856,0.714575966
05:11.1,2345,42.11957814,78.47551615,151.4351863,1,2758081.212,0.830003915
12:18.4,2350,50,96.07963647,158.1443977,1.039405233,3185711.825,0.808978757
18:18.4,2355,50,86.15983925,148.6496063,1,2861069.348,0.748014933
24:18.4,2360,45.86648583,72.31704167,146.9426873,1,2522860.013,0.709036942
30:50.9,2365,50,81.51394996,160.797392,1,2775942.371,0.781121034
36:50.9,2370,43.76523757,77.10928041,140.5846811,1,2655104.336,0.768298289
43:42.2,2375,40.87601608,75.89216814,145.783159,1.084073772,2734041.88,0.798255267
51:02.5,2380,41.04637393,73.84434894,147.5149452,1.267890725,2796521.888,0.776213734
58:21.0,2385,50,80.88784696,157.0131759,1,2745878.635,0.695532172
04:21.0,2390,44.13636721,77.38283338,148.1498825,1,2687328.557,0.777783403
11:08.9,2395,47.98286825,85.85662577,143.5199103,1.012690098,2862402.089,0.782972579
17:24.0,2400,42.9919254,87.23265625,138.9352414,1.238381765,3066792.864,0.830743787
24:22.7,2405,50,87.65784723,144.9623503,1,2889304.989,0.764710353
30:22.7,2410,38.65724879,79.48616351,135.9955272,1,2772393.414,0.883864673
38:08.3,2415,50,81.92460633,149.5216558,1,2748480.654,0.704409738
44:08.3,2420,42.98390806,86.67985245,138.8832878,1.254321324,3060409.078,0.86536104
51:07.1,2425,40.56570515,79.39516188,137.7265372,2.03940753,3353947.374,0.788148162
58:30.8,2430,43.1612464,79.30062081,148.893218,1,2755621.175,0.84165644
05:27.8,2435,49.01612484,90.34973389,141.8865757,1,2961985.353,0.801733715
11:35.1,2440,41.25853878,84.79570726,135.5374371,1.070779359,2917223.521,0.853543554
18:51.3,2445,47.53210263,85.06335149,144.5450317,1.516696583,3112229.805,0.775778452
25:10.0,2450,43.11949778,76.97554528,147.354836,1,2686625.218,0.738558484
32:07.5,2455,35.33208916,78.10048399,132.4442383,1,2774113.84,0.862624
40:36.9,2460,43.94057936,79.54248387,146.3848583,1.287160428,2905977.581,0.783805085
47:26.6,2465,41.89319687,82.22391723,138.7292255,1.156949018,2900819.083,0.798213721
54:36.2,2470,42.07767491,78.79811044,150.2040975,1,2762482.001,0.846312279
01:44.0,2475,49.555376,81.3463095,149.5314026,1,2737333.337,0.730204414
07:47.2,2480,38.44896492,74.96833801,141.2000737,1.260364731,2839531.57,0.808599752
15:35.4,2485,42.63259985,76.38980473,142.2555502,1.342433883,2852746.877,0.746156477
22:37.6,2490,47.91883643,85.92505908,144.4605058,1,2861812.298,0.765679667
28:53.2,2495,50,85.85650909,147.6454652,1,2849347.929,0.77235832
34:53.2,2500,50,78.96253639,148.1439289,1.377248054,2854577.631,0.690017691
40:53.2,2505,45.89141318,76.72468935,145.6075233,1,2637857.396,0.722208806
47:25.5,2510,40.55850496,79.29774353,142.1820355,1.034303383,2785748.522,0.824673332
54:49.3,2515,43.54715995,81.99878701,140.0343828,1,2789130.185,0.797255506
01:42.6,2520,50,85.91676218,143.6152168,1.380643623,3024640.956,0.74550789
07:42.6,2525,43.67702291,87.70625799,134.3074115,1,2920764.311,0.75636839
14:34.7,2530,50,79.90957205,150.9465558,1.428834307,2920362.781,0.724961932
20:34.7,2535,43.73118576,78.65421782,143.9086504,1.048117095,2737878.07,0.802865903
27:26.3,2540,48.60302227,83.82028063,142.2285807,1,2789222.226,0.720294207
33:36.7,2545,48.70162383,78.88232952,154.7233331,1.509926042,2975221.913,0.737103279
39:46.3,2550,44.72765762,81.5255358,143.7017114,1.59538081,3103713.339,0.777948255
46:28.7,2555,50,88.33391569,142.6038444,1.276421891,3034847.857,0.676862142
52:28.7,2560,49.79019479,88.7280707,146.8669009,1,2927165.016,0.788714824
58:30.2,2565,50,81.51279461,151.7457311,1,2744869.481,0.629270011
04:30.2,2570,42.30866606,78.28064658,144.6576677,1,2722540.191,0.782278425
11:35.7,2575,50,83.17505073,145.2450492,1,2767939.206,0.677163786
17:35.7,2580,50,87.56989923,149.4583446,1.690236665,3256101.133,0.678674378
23:35.7,2585,50,78.29204573,149.7680415,1,2650193.229,0.591343529
29:35.7,2590,50,88.69974182,150.7185068,1,2937478.138,0.658174406
35:35.7,2595,50,87.651125,139.8638769,1,2871637.063,0.624041625
41:35.7,2600,50,90.02713527,146.3568068,1,2958744.809,0.640827351
47:35.7,2605,50,83.8066385,156.1857506,1,2822694.752,0.659593798
53:35.7,2610,50,86.57974975,141.3704468,1,2847565.858,0.709682439
59:35.7,2615,50,89.75383831,143.9936323,1.250661961,3066960.596,0.667602036
05:35.7,2620,50,85.03396684,144.6490673,1.364088574,2997232.331,0.668141634
11:35.7,2625,50,78.50703729,144.0841735,1,2636568.334,0.593635846
17:35.7,2630,50,79.03381483,138.7203349,1,2632549.554,0.600157068
23:35.7,2635,50,85.86077972,142.6417823,1,2832305.068,0.730053465
29:35.7,2640,50,75.00204448,150.2706721,1,2562132.984,0.59942928
35:35.7,2645,50,83.77979718,144.0053263,1,2780191.252,0.715231355
41:35.7,2650,50,87.5729624,147.8868922,1.099041369,2947247.273,0.616668406
47:35.7,2655,50,71.45820334,148.3270452,1,2458756.377,0.625514295
53:35.7,2660,50,91.46560469,150.8675619,1.653502493,3351577.658,0.67568305
59:35.7,2665,50,89.68544106,144.3854316,1.482728469,3181681.939,0.682718855
05:35.7,2670,50,80.03558551,145.602677,1,2683489.815,0.610745194
11:35.7,2675,50,84.72771985,147.7072208,1.182194704,2911044.121,0.5942445
17:35.7,2680,50,82.48870198,151.2703961,1,2769871.843,0.608447274
23:35.7,2685,50,89.1706455,154.5475002,1.191531116,3064971.213,0.625949663
29:35.7,2690,50,88.69357953,143.0938881,1,2911162.443,0.651652783
35:35.7,2695,50,75.69448984,148.6932788,1,2575620.336,0.605567137
41:35.7,2700,50,86.48258547,148.4804073,1,2869296.83,0.634804566
47:35.7,2705,50,83.89937585,139.5015041,1,2768009.34,0.684523144
53:35.7,2710,50,83.79423862,147.3218596,1,2791958.928,0.62065898
59:35.7,2715,50,79.72845173,139.9801877,1,2655826.638,0.61641045
05:35.7,2720,50,89.8274134,142.4705352,1,2939967.005,0.524364452
11:35.7,2725,50,84.93615986,155.5370896,1,2851294.836,0.468504846
17:35.7,2730,50,80.0457466,144.9507777,1,2681531.516,0.619441343
23:35.7,2735,50,76.54923218,148.846372,1,2599471.216,0.595512441
29:35.7,2740,50,80.85881796,148.5570027,1,2716087.213,0.574994928
35:35.7,2745,50,86.06307311,141.9432031,1.072637353,2870787.918,0.613639095
41:35.7,2750,50,84.81982572,147.1298992,1,2819288.841,0.599417213
47:35.7,2755,50,91.56445259,138.3960158,1.425966047,3175565.095,0.660045083
53:35.7,2760,50,88.02642604,153.6637279,1.021095828,2940320.414,0.609421094
59:35.7,2765,50,87.9785852,141.6000066,1,2886527.238,0.569466028
05:35.7,2770,50,87.18677407,143.3628643,1,2870964.224,0.658250067
11:35.7,2775,50,77.18057634,141.6089741,1,2591880.953,0.600042862
17:35.7,2780,50,84.28514686,147.8195177,1,2807062.432,0.639606616
23:35.7,2785,50,89.41317864,145.3154577,1.364539409,3120082.773,0.592006368
29:35.7,2790,50,83.80035923,144.5344073,1.0960578,2830178.789,0.586192945
35:35.7,2795,50,87.71707039,149.537565,1.520077373,3173315.968,0.625903333
41:35.7,2800,50,83.69755672,145.3338163,1,2782502.778,0.625542708
47:35.7,2805,50,80.94729136,146.4893215,1.435058456,2929968.508,0.652286689
53:35.7,2810,50,84.68514755,140.3916464,1,2792505.619,0.618436336
59:35.7,2815,50,84.97139464,141.4612128,1.473266479,3033576.601,0.543794213
05:35.7,2820,50,82.20655809,145.6568092,1,2742921.169,0.617878024
11:35.7,2825,50,86.13916835,140.5491962,1.166781607,2913113.645,0.683263333
17:35.7,2830,50,81.3843615,147.3904576,1.496486521,2977379.987,0.632900337
23:35.7,2835,50,91.96007683,143.4560514,1,3001546.952,0.639777252
29:35.7,2840,50,86.74960375,141.8795981,1,2853947.224,0.705862263
35:35.7,2845,50,93.44653263,136.1641895,1.486317281,3244194.331,0.625500411
41:35.7,2850,50,92.94185875,155.2395285,1,3068749.453,0.588611777
47:35.7,2855,50,86.96267907,141.6392472,1,2858937.789,0.662458851
53:35.7,2860,50,82.12217679,146.3462004,1.843722881,3166424.406,0.651093936
59:35.7,2865,48.61032014,76.32027188,139.4189582,1,2574561.443,0.631864276
05:46.0,2870,50,80.68031849,143.0950169,1,2692484.883,0.676331175
11:46.0,2875,48.01497036,82.29951665,133.2681941,1.353990939,2890338.013,0.714636128
18:00.9,2880,50,95.62441941,142.8200772,1,3099365.668,0.694582008
24:00.9,2885,50,89.97198826,137.7733253,1,2927804.043,0.715393461
30:00.9,2890,48.60325585,93.60460712,136.0998669,1.058322298,3062615.303,0.795712654
36:11.2,2895,48.90062838,77.88807807,143.8274695,1,2629885.439,0.692883584
42:19.3,2900,46.7828894,84.07331925,132.5081223,1,2780022.297,0.728905153
48:44.1,2905,50,93.67036083,136.6494925,1.003372906,3026459.005,0.694449786
54:44.1,2910,50,90.44609278,142.7808038,1,2957914.751,0.682465435
00:44.1,2915,50,88.86119509,150.1093828,1,2939795.285,0.70034906
06:44.1,2920,50,92.79509743,138.3933281,1.682074276,3330685.116,0.710393564
12:44.1,2925,50,99.51488412,139.9214528,1.030685694,3210320.047,0.756956523
18:44.1,2930,42.47434985,93.15946729,131.824672,1.665181506,3428480.318,0.860990325
25:47.8,2935,50,90.67162274,148.4229469,1,2983418.364,0.712179349
31:47.8,2940,49.08425313,91.91485554,129.042223,1,2959138.877,0.731475311
37:54.6,2945,50,103.610832,137.2079191,1.14430893,3365970.681,0.753344742
43:54.6,2950,41.42385352,81.99321045,127.3431917,1,2764707.82,0.780343929
51:09.1,2955,45.58608691,95.93599057,122.9590562,1,3080586.527,0.777633268
57:43.9,2960,44.04500573,93.54728323,134.5191683,1.680730021,3433072.758,0.832401152
04:32.6,2965,50,92.07971078,141.4828037,1,2998044.788,0.650446938
10:32.6,2970,50,86.20592913,139.0298809,1,2829337.682,0.655810848
16:32.6,2975,47.84982868,92.03010161,135.6128596,1.557196013,3268235.396,0.753566379
22:48.8,2980,50,98.20564747,147.9805298,1,3187504.258,0.836232383
28:48.8,2985,50,106.7346653,136.7097148,1,3381609.032,0.705888682
34:48.8,2990,50,93.39857116,143.4400839,1,3040748.621,0.636382793
40:48.8,2995,44.31201051,90.21443712,129.7550381,1.763574286,3347427.308,0.817699841
47:35.0,3000,36.67915674,97.25897372,126.8885173,1,3247370.361,0.992330099
55:45.8,3005,39.42103254,95.63661403,126.5919008,1.02830459,3176133.733,0.934962057
03:22.4,3010,35.21463285,89.43782411,125.0134565,1.393554918,3289034.896,0.949561847
11:53.5,3015,41.0081377,97.15595894,135.6345208,1.26462358,3368586.566,0.959722525
19:12.4,3020,38.885956,104.3356076,129.6242421,1.119362537,3487116.337,1.023075303
26:55.3,3025,37.08639588,93.64673696,125.5124989,1,3135917.062,0.995503072
35:00.7,3030,33.10177804,107.181218,110.4327,1,3497012.48,1.060687603
44:04.5,3035,42.90412058,100.0857827,126.8256665,1.122465626,3300271.58,0.902278128
51:04.0,3040,37.72149642,97.11008288,137.4134866,1,3274758.684,1.01101616
59:01.2,3045,37.82994611,100.0502518,122.8616104,1.174113165,3384207.755,1.00619503
06:57.0,3050,40.84493521,110.3076109,127.2312059,1.568709726,3848165.786,1.058075617
14:17.7,3055,39.08938586,105.9295308,129.091349,1.663003488,3832513.738,1.052108352
21:58.2,3060,33.08393628,104.5036877,119.714381,1,3472356.521,1.126712482
31:02.3,3065,36.20516321,99.87653194,119.6562986,2.156684594,3947801.982,1.001323976
39:19.4,3070,32.73229132,104.4262121,107.2511965,1.506023853,3695921.1,1.103667707
48:29.3,3075,31.09643824,102.5055349,121.3889816,1.164158293,3576595.599,1.136016335
58:08.2,3080,27.39257317,96.65471002,110.7884632,1.645981282,3779183.497,1.207216139
09:05.3,3085,36.7707845,114.3837517,120.3694454,2.454779464,4499396.249,1.096133057
17:14.8,3090,31.05665553,106.3485594,111.2179862,1,3516294.757,1.141812412
26:54.4,3095,36.13256889,104.8171519,120.3544652,1.021941031,3444129.824,1.040274044
35:12.6,3100,36.56980095,101.9426767,122.8202721,1,3357887.036,1.015237603
43:24.8,3105,30.68084456,103.3453688,116.9020408,1.280406165,3656825.892,1.180915833
53:11.5,3110,29.67417789,105.0991226,111.5577648,1.347173874,3736563.84,1.141699269
03:18.0,3115,31.01189886,99.89959352,120.4164364,1.148555193,3490955.327,1.20364867
12:58.5,3120,35.80627519,115.8465008,116.6544547,1,3720074.844,1.078233502
21:21.2,3125,28.21108033,101.1314322,107.1217184,1,3410959.851,1.174505709
31:59.2,3130,27.8368829,104.2038621,111.9808928,1.397405839,3807609.344,1.242978519
42:45.8,3135,30.00846819,105.2341164,115.6469346,1.923636087,4142979.728,1.170965991
52:45.7,3140,34.37695317,113.7840528,116.5008771,1,3686251.427,1.163667197
01:29.3,3145,32.8365134,107.1295211,123.018074,1.450933653,3855614.267,1.149538224
10:37.4,3150,32.80376879,98.70277865,118.3120172,1,3312018.93,1.069256371
19:46.2,3155,30.73505304,115.3900729,112.7474833,1.554639803,4126867.507,1.213691958
29:31.8,3160,33.66683794,110.0113156,111.9730958,1.00727701,3576639.922,1.112913507
38:26.5,3165,33.05434763,110.6713037,119.295405,1,3639052.392,1.165663436
47:31.0,3170,36.63685408,108.611625,120.5080391,1,3528006.563,1.05872203
55:42.3,3175,38.64182559,117.5494089,116.767858,1.083377998,3769259.4,1.073800745
03:28.2,3180,30.48611075,120.2344269,103.9845207,1.529549886,4175757.417,1.199909603
13:18.6,3185,34.85582076,103.285291,124.5842629,1,3431522.441,1.105671179
21:55.0,3190,30.32773436,117.379895,107.6126021,1.116166277,3882391.83,1.190100674
31:48.5,3195,34.31177512,108.9142008,114.1586603,1.175677964,3642974.962,1.107467386
40:33.1,3200,40.63190635,106.8796371,122.7678344,1,3434822.764,1.012791116
47:56.1,3205,31.478158,99.77796956,109.4970818,1.997702165,3914469.08,1.142586893
57:27.9,3210,33.18111843,105.1523301,111.3152711,1,3444837.218,1.061203782
06:30.4,3215,30.2030318,103.6943244,105.7132353,1,3429964.193,1.117993548
16:26.4,3220,35.76935491,110.8080934,121.5830188,1,3606779.689,1.076356016
24:49.6,3225,40.96898324,109.6253706,118.7652786,2.051234704,4011275.475,0.989682681
32:09.0,3230,36.73800083,96.23656699,132.847995,1.368824303,3475020.594,1.066535446
40:18.9,3235,30.43091368,109.3069922,109.301481,1,3598857.869,1.15938624
50:10.4,3240,37.16042528,112.4073618,113.4815957,1.760829024,3989619.093,1.065285191
58:14.8,3245,35.44909477,104.9118957,116.6912781,1.217789539,3550405.453,1.028662084
06:42.6,3250,36.26347805,110.9831717,118.6829341,1.34524983,3783650.113,1.076084089
14:58.9,3255,37.4637054,107.6749244,117.2020202,1,3474864.801,1.023542143
22:59.4,3260,38.01151747,107.463992,122.9151577,1,3487149.324,1.014126434
30:53.0,3265,39.55538993,102.3357637,117.9450643,1.214815485,3413844.767,0.939695214
38:28.0,3270,32.89578414,99.38293223,113.4901383,1,3303716.613,0.996617974
47:35.2,3275,31.36333038,100.8700599,110.0481715,1.961723941,3933007.202,1.027405709
57:09.1,3280,38.04116611,107.1241218,112.0670969,1,3428545.309,0.924633546
05:02.3,3285,36.97323465,106.8329001,116.2229019,1.904419748,3941941.159,1.028595625
13:09.1,3290,39.15417328,103.6668861,120.7047244,1.014508905,3365334.637,0.943886179
20:48.8,3295,39.55230465,100.9230895,120.955176,1.166110486,3365654.851,0.895384869
28:23.9,3300,39.74412146,104.1492331,126.7120939,1.530953471,3679157.533,0.981191996
35:56.8,3305,46.52310307,108.886487,129.5177457,1,3448862.71,0.90877596
42:23.7,3310,37.79981651,103.3935395,119.7894583,1.501810516,3637672.071,0.953196927
50:19.9,3315,36.16072288,96.69866603,114.8674307,1,3183582.087,0.893069821
58:37.7,3320,45.43876723,107.3594676,120.7309404,1,3385424.03,0.89746361
05:13.8,3325,39.52286049,103.3412745,119.6193871,1,3339139.566,0.918318814
12:49.3,3330,41.22216167,104.1412343,119.9170207,1,3340815.283,0.901786873
20:05.9,3335,50,108.5643026,124.5367354,1,3389794.257,0.781506965
26:05.9,3340,45.37938711,101.6616879,123.1013822,1.181962426,3324123.517,0.819726487
32:42.6,3345,42.43312217,106.2124115,120.3620263,1.431704901,3594869.221,0.917249335
39:46.8,3350,42.14665895,97.26776372,121.372844,1.082857125,3189133.912,0.859666774
46:53.9,3355,45.73479042,101.4690204,126.4584697,1,3243198.725,0.836104005
53:27.4,3360,49.82012003,104.3742003,128.9638959,1.200347008,3381151.738,0.790916588
59:28.7,3365,44.18893787,93.98347195,122.0636584,1,3038451.08,0.801964398
06:16.1,3370,50,101.3931373,134.8862331,1.449486883,3437506.089,0.752529714
12:16.1,3375,45.75615866,103.813403,119.7047981,1.403746751,3462761.128,0.846795655
18:49.5,3380,41.91560019,102.8427692,117.4789237,1.000590681,3287438.275,0.820756341
25:58.9,3385,50,107.358064,128.1477875,1,3369259.655,0.801750453
31:58.9,3390,46.78029219,105.2954706,120.2414117,1,3314238.333,0.846660739
38:23.7,3395,47.87235414,111.7851558,124.9427945,1,3498126.803,0.86883799
44:39.7,3400,34.28042572,102.1656575,107.6792502,1,3326697.31,0.956455153
53:24.8,3405,50,102.5540327,133.7874105,1.138106695,3320862.174,0.77793562
59:24.8,3410,43.00245343,106.4906883,124.6008855,1.451805245,3627429.395,0.91380534
06:23.4,3415,37.58780658,100.635897,113.9052295,1,3265959.806,0.907360819
14:22.2,3420,45.98033933,108.3319645,117.3178581,1.046907774,3414391.388,0.823172309
20:53.7,3425,50,116.8817234,130.8387516,1.269592525,3759352.203,0.876248339
26:53.7,3430,45.5169067,104.4169135,119.8478325,1,3301013.006,0.847687404
33:29.2,3435,43.68888712,108.2571809,117.7743493,1,3416566.562,0.884841446
40:21.2,3440,36.85849868,108.4317361,107.6405932,1,3459845.776,0.956487465
48:29.5,3445,40.93703559,103.3609439,118.703192,1,3317911.178,0.917249695
55:49.2,3450,37.85933418,97.97961564,119.1651632,1.230625323,3338036.336,0.918779653
03:44.7,3455,43.08863437,102.4430121,125.4004823,1,3294685.044,0.878630088
10:42.4,3460,40.41839935,97.7353499,116.5589975,1,3161672.562,0.833128971
18:07.7,3465,43.28984667,115.4924221,113.0006923,1.375859711,3767598.558,0.90445651
25:03.5,3470,38.69171441,108.9001509,119.61652,1.403684634,3715968.403,0.983090837
32:48.8,3475,46.00073434,103.9365811,127.4463519,1,3311479.645,0.854584165
39:20.1,3480,42.06754093,111.1968772,113.1817433,1.588952661,3767587.955,0.886639885
46:27.9,3485,42.28125474,103.320362,123.6458451,1.644941359,3644436.933,0.954396199
53:33.7,3490,38.45055492,103.7767139,120.1973621,1,3368072.894,0.907741268
01:21.8,3495,43.66359666,108.6308469,124.6320781,1,3453962.047,0.926407046
08:14.0,3500,44.0368062,114.3899714,117.6289338,1.772268307,3933423.292,0.954045139
15:02.8,3505,38.8281195,110.7035063,106.7836051,1.008827153,3496818.928,0.916232794
22:46.4,3510,41.90220706,110.4332238,117.3923644,1,3494096.87,0.945156641
29:55.9,3515,39.00967412,112.5583185,119.6543127,1,3597652.815,1.038407164
37:37.4,3520,39.37585227,111.474466,113.4191389,1.004338631,3538174.401,0.947227679
45:14.5,3525,38.57579799,110.4299576,116.0640631,1,3529526.937,0.942013774
53:01.1,3530,36.76256124,106.1575795,114.7465408,1,3432234.483,0.999631795
01:10.7,3535,30.3513065,114.0316982,97.98020254,1.193148087,3772365.16,1.07683491
11:03.8,3540,37.08787984,107.3872109,122.2326256,1.899155188,4003833.801,1.039338009
19:09.1,3545,35.40568686,113.1297782,109.4640276,1.038381808,3637780.562,1.034709948
27:37.5,3550,37.75629988,111.4847788,115.0677427,1.741531093,3952489.638,1.068685594
35:34.3,3555,45.87750465,124.1800705,115.228219,2.004764633,4252252.824,0.987451379
42:06.6,3560,36.74088619,115.1166227,117.1221567,1.992475212,4230618.679,1.107449285
50:16.5,3565,32.58822438,108.4737696,112.6958058,1.330103753,3748948.748,1.109540009
59:28.9,3570,33.94163251,113.9329518,110.6796639,1,3668359.845,1.077204203
08:19.2,3575,32.88914065,119.7307076,104.2397355,1.536850613,4102652.611,1.154885823
17:26.5,3580,42.39300293,122.496635,116.5543294,1.8451854,4212800.841,1.054726344
24:31.1,3585,28.69024629,115.0000897,98.43588869,1.203408137,3846315.418,1.173574302
34:58.5,3590,30.14436893,108.807721,112.6403935,2.075333006,4299070.417,1.130523658
44:55.6,3595,34.64624564,120.3123321,104.5926502,1.717378287,4172299.561,1.11111194
53:35.1,3600,34.68081985,110.0794243,115.4599528,1.511769717,3867059.839,1.131586882
02:14.2,3605,31.91025582,114.9086208,109.9293772,1.804214365,4201596.584,1.131340595
11:38.2,3610,32.47839951,118.1079866,109.5170946,1.503760388,4092617.753,1.201307422
20:52.5,3615,35.80163208,115.6585038,111.0000526,1,3687935.764,1.089500923
29:15.2,3620,32.79917862,120.1368827,101.0301134,1.020400083,3817469.116,1.107690799
38:24.0,3625,28.81549929,116.2729983,101.8122163,1.884274161,4314647.551,1.199544377
48:48.7,3630,35.97691197,115.9150827,112.5289343,1,3699634.447,1.119288077
57:09.0,3635,31.74577301,119.7054125,106.9660728,1.22939131,3977038.996,1.194844974
06:36.0,3640,31.20540192,121.90549,110.3902216,1,3933367.107,1.234958578
16:12.8,3645,32.72081218,118.4372857,110.5292023,2.192843851,4502262.001,1.129479792
25:22.9,3650,32.6601498,121.9211955,101.5244696,2.177379539,4487786.606,1.182636357
34:34.1,3655,35.95208859,121.126775,105.9247076,1,3810733.726,1.089302169
42:54.7,3660,33.0959012,121.9346821,106.7077298,1.431079678,4118757.072,1.18256801
51:58.6,3665,29.81767318,121.3902916,95.72325972,1,3863194.612,1.152081543
02:02.3,3670,32.6577409,111.6563666,115.1722068,1.569700306,3996302.454,1.162486319
11:13.5,3675,34.64814264,118.0385658,111.2463225,1.537733018,4067847.835,1.102737717
19:53.0,3680,39.36316164,118.5482158,117.2223765,1.682268132,4094184.024,1.047616829
27:30.2,3685,29.69920473,123.1932574,99.09445337,1.487289808,4212844.888,1.150978015
37:36.3,3690,38.32121501,111.9484272,118.3071721,2.658885554,4462584.03,1.01729836
45:26.0,3695,37.3095958,114.8215101,120.0031472,1,3684983.883,1.098783672
53:28.5,3700,31.02073561,117.1663177,99.96638269,1,3750028.31,1.155445258
03:08.7,3705,36.68857741,121.4253291,112.0472455,1.131604275,3906270.743,1.111292774
11:19.4,3710,34.24995503,126.6056575,104.9963316,1,3980711.001,1.192029614
20:04.9,3715,32.1602039,117.8012101,99.25116928,1,3743963.225,1.138413074
29:24.6,3720,40.38864326,121.5570236,112.885092,1,3796531.601,1.046667484
36:50.3,3725,38.113424,118.5781626,113.5022187,1,3746624.197,1.07262295
44:42.6,3730,35.34844103,117.0636655,106.7072655,1,3712274.904,1.060505365
53:11.8,3735,40.66191129,114.0007032,118.7340684,1.448218416,3836182.967,0.97513616
00:34.4,3740,37.9823437,119.6474514,103.5882994,1,3732811.796,0.998384325
08:28.3,3745,38.17455135,117.9732967,103.9768342,1.109033557,3737436.817,1.008348196
16:19.9,3750,47.09494925,125.1660274,115.2223915,1.707127341,4131935.13,0.925415099
22:42.1,3755,38.67618221,112.6922795,110.9404374,1,3567211.363,1.020334362
30:27.5,3760,37.16209267,118.8758996,108.0664024,1.082921224,3784086.745,0.996169529
38:31.8,3765,42.06967728,111.1494377,118.6873672,1.307157226,3665594.414,0.915608186
45:39.7,3770,38.84671374,112.6100051,113.5928736,1,3574514.71,1.010096202
53:23.1,3775,40.01885358,117.2153664,114.9013313,1,3691115.388,1.01635137
00:52.8,3780,41.02277289,116.9768998,111.191012,1.371616488,3829762.986,0.982657552
08:11.6,3785,47.78870733,129.8021303,116.1279445,1.570063956,4196493.76,0.945962565
14:28.3,3790,37.73390659,115.5925224,109.3953228,2.210362903,4253299.093,0.982745968
22:25.3,3795,41.23645094,110.830607,121.9690535,1.247625819,3657315.317,0.978375621
29:41.8,3800,38.5619882,117.0716379,108.582399,1.581393584,3958401.847,0.951142778
37:28.6,3805,42.78757909,103.3303152,125.5473584,1,3322999.222,0.886200791
44:29.3,3810,42.82239383,114.8810971,113.3186858,1.303425292,3726522.874,0.933203624
51:29.6,3815,38.64099191,116.7744378,104.7267134,2.000998794,4116672.528,0.971404645
59:15.5,3820,49.60463533,117.613154,122.0298442,1,3631475.316,0.874401267
05:18.3,3825,39.04011707,122.7842919,110.8910251,1.476103464,4069702.865,1.002105763
12:59.4,3830,45.73930669,111.0059775,119.6406103,2.163507267,3999700.011,0.864304723
19:32.9,3835,45.15427473,113.5872473,120.5903093,1.278316252,3685164.635,0.886011353
26:11.6,3840,46.8053948,109.2749367,117.6159704,1.886634882,3795013.455,0.845022905
32:36.1,3845,40.54090804,108.8661353,111.37964,1,3442030.712,0.88454079
40:00.1,3850,50,112.7829211,123.0120808,1.057939274,3524133.337,0.781490686
46:00.1,3855,44.40957178,106.7931473,115.9485383,1.044609812,3382033.493,0.83703731
52:45.4,3860,48.75262379,110.1736749,120.4480559,1,3430260.861,0.806000721
58:54.6,3865,40.92813941,109.2894972,103.9662909,1,3418069.124,0.864185407
06:14.4,3870,44.58560916,118.4478726,115.3608547,1,3676091.485,0.904509345
12:58.2,3875,45.14204179,124.1721764,110.5725065,1.618490158,4068416.057,0.885022826
19:36.9,3880,50,103.7382607,127.656372,1.409352369,3447996.089,0.732650204
25:36.9,3885,38.92937858,108.3396035,114.168043,1.264598222,3592501.012,0.952428242
33:19.3,3890,45.1717379,114.1925373,115.4449849,1.526095923,3785071.288,0.864764821
39:57.8,3895,48.21537551,113.2380893,118.5797687,1.000711276,3512264.678,0.811437677
46:11.1,3900,45.43790994,115.9312892,109.2833967,1.708537493,3868358.505,0.85896556
52:47.2,3905,48.67641607,112.7916243,122.2092404,1.124056307,3561977.333,0.861346601
58:57.0,3910,50,112.7947785,125.4552499,1.13447631,3566249.44,0.821198459
04:57.0,3915,48.29246983,117.2615594,115.6591041,1.013268663,3616170.559,0.867008528
11:09.7,3920,50,119.498593,122.9375628,1.510794241,3898055.386,0.829868852
17:09.7,3925,40.85188807,105.0866619,111.5300973,1,3335934.575,0.843699889
24:30.4,3930,43.87109116,112.7938576,110.6641509,1.555515757,3750936.984,0.833810951
31:20.7,3935,50,114.7269431,115.9720279,1,3528600.936,0.801213232
37:20.7,3940,43.92550377,111.9789856,114.7204168,1,3503723.105,0.88535704
44:10.4,3945,45.57726819,126.2554904,109.4558087,1.585620679,4098443.589,0.91302476
50:45.4,3950,41.93581922,114.6183828,113.9251042,1.099435641,3640066.573,0.915652456
57:54.6,3955,43.00268365,118.4271465,111.8672046,1,3677926.321,0.937482932
04:53.2,3960,41.02242697,120.9267142,105.9114906,1.626320165,4020046.183,0.91968629
12:12.0,3965,44.31285423,114.1091281,114.7184652,1,3557932.479,0.884192566
18:58.2,3970,40.62800984,110.4995343,113.5274457,1.027040084,3507616.653,0.960519807
26:21.2,3975,44.75052276,114.280329,113.7382233,1.80544288,3905522.08,0.858686622
33:03.4,3980,47.0014435,122.7238636,117.4005584,1.989749802,4201323.99,0.889841587
39:26.4,3985,39.92803139,116.1807381,105.2587859,1.904515377,4031455.161,0.895232121
46:57.2,3990,39.34737385,117.4766605,109.5029433,1.070960325,3716984.239,1.006232753
54:34.7,3995,38.32737089,126.5191576,101.1449143,1.890184982,4308007.085,1.008343743
02:24.3,4000,22.71106885,136.8556711,83.32827075,1.149290278,4457831.165,1.497894912
15:36.9,4005,22.11186047,137.3507217,84.29118654,1.205691752,4536382.97,1.535406751
29:10.9,4010,25.04533187,137.7609128,85.94021486,1,4347859.532,1.446158302
41:09.6,4015,23.34337872,143.349219,85.27645318,2.56003173,5515581.561,1.515881526
54:00.7,4020,26.70373359,151.0107965,87.43516719,1.384873087,4898587.05,1.500525065
05:14.8,4025,24.60575963,145.2925986,90.53245157,1.741856103,5063936.97,1.557448132
17:26.3,4030,23.91345694,145.7335879,86.12579676,1.303001513,4781732.092,1.517636837
29:59.0,4035,21.13739988,137.3535145,79.92134643,1.96908703,5024980.601,1.512404311
44:10.6,4040,23.57422986,136.7311878,91.48504161,1.522228399,4744305.597,1.566895346
56:54.2,4045,21.70077043,143.1464636,80.61846732,1.094757998,4603823.48,1.591787668
10:43.6,4050,24.41974612,141.1454811,86.96273879,1.931475175,5031258.969,1.522607955
23:00.7,4055,19.42820471,136.6485641,88.0192703,1,4505964.263,1.560920184
38:27.2,4060,23.56870908,139.8597589,88.24315727,1.280626124,4638912.891,1.518889639
51:10.9,4065,27.16337194,140.6666306,94.98110393,1,4438348.869,1.454621668
02:13.6,4070,25.18053392,145.462943,86.64894971,1.101289083,4619479.021,1.597122705
14:08.4,4075,20.36141968,147.2631594,78.86480786,1.899519902,5280344.569,1.624968803
28:52.5,4080,25.75245007,145.9814367,94.35991677,1,4612102.435,1.614886607
40:31.4,4085,25.73428433,138.5771357,88.12161565,1,4368917.131,1.511388231
52:10.9,4090,20.80650794,141.6448465,83.19338715,1.746157836,5062649.036,1.598217919
06:36.0,4095,25.06369676,135.3751582,91.81688373,1.386460714,4565278.61,1.511536132
18:34.2,4100,21.76915123,156.8021315,81.44694897,2.993115399,6199289.296,1.697419144
32:21.0,4105,23.10083585,144.0730577,86.33954401,2.699938655,5662033.591,1.580888115
45:20.2,4110,23.121046,147.2438254,92.28764836,1.510703359,5052221.307,1.703983109
58:18.7,4115,19.27660276,143.522448,78.73333078,2.088665362,5379500.871,1.694283368
13:52.5,4120,27.08021271,159.9858079,81.58126528,2.345188558,5577434.27,1.607482172
24:57.2,4125,22.83215563,139.8510728,83.91105907,1.432324039,4719129.199,1.601129508
38:05.5,4130,23.44866516,145.9342942,85.76663939,1.124436855,4687747.424,1.680270467
50:53.2,4135,20.97663119,148.3879091,74.78682028,1.794289328,5146390.516,1.62523644
05:11.3,4140,17.48345678,151.2290737,70.56226806,1.759005601,5344325.152,1.676986886
22:20.8,4145,22.04673485,152.278516,78.28882577,1.669693508,5172329.578,1.651832956
35:57.3,4150,22.98360931,154.5406733,75.17721884,2.073943327,5380587.299,1.590722631
49:00.4,4155,22.18550863,147.5044337,81.83128844,1.417975715,4922199.198,1.571751292
02:31.8,4160,21.82876276,144.1952047,81.88350646,1.263327643,4747658.182,1.697784908
16:16.4,4165,20.92881374,147.0528865,76.15720591,1.871285805,5180651.096,1.661225158
30:36.4,4170,21.68790848,150.1101491,73.30240055,2.032428273,5274369.676,1.664172301
44:26.4,4175,21.52719584,161.2921155,78.40580664,1.4697902,5319559.336,1.728810746
58:22.5,4180,19.07914758,144.9910749,81.38662669,2.349458203,5675277.294,1.754543642
14:06.0,4185,19.34538484,155.6595752,71.05644015,1.022154044,4891702.178,1.683758262
29:36.4,4190,23.90929631,150.6000382,83.64356802,1.631053293,5088266.226,1.681526898
42:09.3,4195,20.36707687,155.5177924,82.0349501,1.875277323,5539216,1.724390654
56:53.1,4200,21.26745647,147.7233969,85.93646958,1.543920086,5101080.854,1.632017291
10:59.4,4205,21.82308702,146.9192646,84.37677897,1.615728673,5080586.454,1.711155353
24:44.2,4210,23.51198551,155.5861832,88.6510094,2.985011397,6175784.857,1.727378462
37:29.8,4215,20.34403761,155.4421433,75.58570223,1.543267888,5225171.877,1.733235339
52:14.6,4220,24.52459801,152.5428562,82.51616861,3.100723317,5951771.7,1.601480034
04:28.5,4225,20.51153776,149.7640642,77.77865633,2.076940637,5437472.42,1.658999495
19:06.1,4230,19.46239444,146.7010371,80.06470985,1.874643272,5325811.507,1.651561604
34:31.0,4235,23.86743801,143.6885594,85.98946176,2.095376297,5215698.489,1.698537306
47:05.1,4240,18.39515599,156.3017752,70.93968798,3.202003129,6382803.655,1.715312415
03:23.6,4245,17.95871553,156.1546076,71.59147109,1.476989203,5271042.034,1.763510907
20:05.9,4250,23.82613449,145.7264732,86.3305183,1.299170732,4784026.739,1.660999799
32:41.4,4255,22.25529043,147.8741732,84.59476915,1.496721192,5010991.936,1.657619702
46:10.2,4260,19.47916567,151.1466846,74.83678141,1.927959493,5394846.927,1.736415391
01:34.3,4265,21.65256395,144.5541135,82.49379323,1,4598145.986,1.689883499
15:25.6,4270,21.34426774,149.5821436,78.30083075,1.923026081,5291718.67,1.734256219
29:28.9,4275,22.08922754,146.2430245,85.90445374,2.724145748,5807516.282,1.680832423
43:03.8,4280,23.9438162,147.250576,81.40953854,1.885823857,5117884.523,1.603773731
55:35.5,4285,21.59421639,145.2575043,86.57951441,1.658955241,5104567.747,1.589926116
09:29.1,4290,26.22337994,140.3682832,95.15861093,1.471005362,4745926.964,1.573688089
20:55.5,4295,22.73437779,162.4784833,81.1912963,2.502684493,5966579.615,1.678784888
34:07.3,4300,23.23975244,159.4884211,77.66274608,1.595357413,5266588.768,1.699277847
47:01.8,4305,21.06031981,150.4222694,80.01905624,2.850724398,5962247.138,1.726239067
01:16.5,4310,20.46415961,153.7954581,76.48860989,2.874756877,6039479.92,1.669616973
15:56.1,4315,25.54578204,154.9889855,89.85644433,2.141331382,5521146.357,1.679073126
27:40.7,4320,25.05143656,155.6385968,82.01781371,1.897490709,5312584.351,1.585189952
39:39.2,4325,23.27411229,144.4416914,80.92554524,2.251189918,5283974.18,1.549431329
52:32.6,4330,20.47993958,157.4540468,74.79939063,2.470577232,5844125.564,1.642631264
07:11.5,4335,23.06827687,148.3498019,85.39868959,1.450799439,4969386.027,1.613712705
20:11.8,4340,23.02740136,143.7169895,84.97513796,1.514476109,4880307.095,1.590741119
33:13.5,4345,22.53593262,154.37468,77.85970301,1.210330491,4929883.547,1.597129518
46:32.2,4350,25.54641414,156.9439341,83.53707689,2.133725889,5479374.457,1.58617728
58:16.8,4355,19.79292821,165.0001828,71.65050775,2.315772808,5940278.612,1.62634437
13:26.2,4360,22.04950487,145.9255029,80.30435992,1.122975017,4683580.819,1.618930437
27:02.6,4365,24.11168318,153.9084954,83.14846903,1.652571598,5177322.535,1.573325755
39:29.1,4370,24.32414629,148.7426189,89.11026924,1.182653746,4802077.284,1.580258412
51:49.1,4375,22.26896713,153.9436004,77.50321862,1.384830559,5027528.095,1.55545902
05:17.4,4380,21.44306533,140.74626,76.85811142,1.911668304,5015849.081,1.498433377
19:16.8,4385,17.78584221,143.8081148,76.88839532,1.340365083,4918070.234,1.551018762
36:08.9,4390,22.65918437,142.1856434,78.59580809,1.46963235,4754308.162,1.435141543
49:23.2,4395,24.79572153,150.7071615,87.96544572,1.037926083,4744160.206,1.549228194
01:29.2,4400,28.46597262,142.8666622,93.09852124,1.792322929,4903937.372,1.428480807
12:01.5,4405,24.99876494,151.8700598,84.62615671,1.78447542,5180332.821,1.494190927
24:01.6,4410,28.80638558,151.4864044,91.2788443,1.427461365,4909638.098,1.429371763
34:26.4,4415,27.07642463,151.7113533,83.65310461,1.702447638,5042070.41,1.491076856
45:31.2,4420,27.87466121,155.5711565,83.71719885,1.905429855,5226779.842,1.453552611
56:16.9,4425,28.35880054,146.5524265,85.39580592,1.251324687,4645509.395,1.367430221
06:51.7,4430,23.47961541,141.8840324,82.26244071,1,4472756.102,1.460213856
19:38.3,4435,26.03092448,152.8064429,77.97271875,2.617003735,5514204.783,1.402399268
31:09.8,4440,24.96141706,145.4608238,84.73381192,1.395856714,4782094.023,1.467588338
43:10.9,4445,27.01419107,151.2821122,84.89399751,1.696264998,5042511.685,1.41596572
54:17.2,4450,29.20005522,155.1678442,88.3300959,2.323346818,5439617.264,1.428184905
04:33.6,4455,27.92675653,146.9690208,87.54359645,3.429151084,5853978.33,1.35320881
15:18.2,4460,27.47703259,137.7376043,85.80159439,1,4294287.816,1.364465746
26:13.3,4465,25.28141888,140.7332163,82.19577434,1.799549764,4843817.21,1.364029644
38:05.3,4470,28.19991294,154.2190516,84.83422166,1.429598387,4946057.387,1.423022138
48:43.6,4475,27.96067879,148.1459584,86.9207369,1.479514432,4831532.066,1.457489284
59:27.3,4480,27.81354121,144.7304978,81.85318491,1.232168939,4571460.179,1.327014636
10:14.5,4485,25.87378209,151.4759123,84.95297892,1.183677065,4800168.015,1.414998819
21:50.2,4490,32.31824411,145.1096389,91.28634738,1.566899713,4718928.781,1.246796742
31:07.1,4495,29.45811271,144.7262235,84.99267934,1,4444289.843,1.289946557
41:18.2,4500,29.06537838,142.6441103,85.34722068,2.039215037,4919485.817,1.296353494
51:37.5,4505,28.96111148,141.3315428,90.19412116,1.58550459,4703597.343,1.271573659
01:59.0,4510,28.7403437,146.7002383,83.84387905,1.785237224,4896454.115,1.255205479
12:25.3,4515,30.07602183,148.8116226,87.97420618,1.452724079,4789679.74,1.350508133
22:23.8,4520,26.38013998,143.5652982,82.86478062,1.392689929,4668007.077,1.314923434
33:46.1,4525,30.7574353,151.3336651,91.71194619,1.870854441,5086416.27,1.340668408
43:31.3,4530,33.14862527,145.8402352,97.6076844,1.121183065,4546051.19,1.352602598
52:34.3,4535,26.26622739,141.4403401,82.35866379,1.380275871,4601994.509,1.328056429
03:59.6,4540,27.49963961,142.6401671,88.69765973,1.185722011,4548410.382,1.344681877
14:54.2,4545,26.06221892,140.2163911,83.61913255,1.091736626,4427110.083,1.305661943
26:24.8,4550,32.47713684,141.7094078,94.32221793,1,4365229.41,1.247465035
35:39.1,4555,25.46272723,153.451205,79.02884125,2.364827046,5446201.601,1.357716904
47:26.0,4560,29.64313144,140.2579652,90.48116491,1.205733525,4458687.802,1.273720873
57:33.2,4565,29.4643914,144.6520369,84.25319341,2.135653958,4994679.74,1.255088607
07:44.1,4570,29.7285846,141.9186563,86.27258622,2.093811382,4914834.149,1.2920084
17:49.6,4575,29.08129163,142.6285478,83.31470827,1,4383561.152,1.254645221
28:08.6,4580,28.83396639,137.4115125,91.68600987,1,4295184.027,1.279142397
38:32.8,4585,28.34559432,145.4014821,82.0420336,2.874179138,5394417.218,1.31729191
49:07.8,4590,29.17605169,145.6798008,88.88601947,2.507546102,5285493.974,1.317928615
59:24.8,4595,29.11424595,147.1705246,86.36541572,1.576694887,4818256.827,1.256388623
09:43.0,4600,29.65176535,146.5125608,86.71628673,1.730967825,4866323.063,1.278008407
19:50.1,4605,28.30425456,142.5012144,85.31508106,1.290355192,4555757.782,1.357566891
30:26.0,4610,28.31493869,153.0206249,81.58432581,1.900716087,5114978.601,1.3304673
41:01.7,4615,27.01508575,151.8112342,83.68959733,1.382331438,4877196.597,1.411534969
52:08.0,4620,31.80145376,150.2885923,91.60725441,1,4595296.97,1.369256213
01:34.0,4625,24.72266921,149.410454,79.95393983,1.003444407,4633845.181,1.370261924
13:42.1,4630,30.80547248,142.3486224,93.69104258,1.579407121,4708343.404,1.246775834
23:26.4,4635,28.80318031,150.3207779,91.58870733,1.16188275,4735744.842,1.357803374
33:51.4,4640,28.08705826,150.3349536,81.15805549,1.612175134,4901399.137,1.320709242
44:32.2,4645,25.29097188,138.5581428,78.56801638,1,4313919.251,1.299876332
56:23.9,4650,29.67907328,146.2385826,85.95073631,1.247830633,4610479.544,1.340186595
06:30.4,4655,26.22471623,149.4207181,80.19907998,2.101664001,5179740.531,1.383698807
17:56.8,4660,30.44131225,151.4460119,92.76737516,1.876780815,5113634.315,1.366416132
27:48.1,4665,30.33174137,153.8438778,85.60558403,1.689932015,5016208.167,1.302662536
37:41.5,4670,25.11160001,147.4116139,78.51302329,2.086937912,5141672.129,1.38918715
49:38.3,4675,24.441478,146.5078631,78.77633116,1.835647434,5012663.068,1.325919602
01:54.8,4680,31.30647294,148.4006784,88.29402055,2.423377014,5221773.102,1.37461475
11:29.8,4685,26.62086614,146.3276546,80.55538489,1.392452491,4715768.942,1.354831164
22:45.9,4690,27.47028353,149.1257479,83.20468152,1.46009667,4827946.419,1.365499093
33:41.2,4695,29.06134134,156.9612293,85.86782851,1.169217215,4875832.135,1.42141277
44:00.5,4700,27.10452737,144.789103,81.3030814,1.383123154,4662677.48,1.337952072
55:04.6,4705,24.75179127,158.2652608,78.34099731,2.327918702,5582426.212,1.49427366
07:11.9,4710,26.48959777,140.8480437,84.28664827,2.202242363,5045255.013,1.31319052
18:31.4,4715,28.30647132,149.2838376,85.48461315,2.180526944,5203083.058,1.381758575
29:07.3,4720,26.8744708,152.6988625,83.13306062,1,4697558.792,1.437703065
40:17.1,4725,25.61007025,163.5467651,78.40790332,2.419908825,5733552.736,1.456098962
51:59.9,4730,27.28284184,152.9138859,80.60504794,1,4679599.372,1.429677171
02:59.7,4735,23.67109517,143.7910337,78.02618481,2.087507025,5103914.364,1.439762475
15:40.1,4740,22.00799548,146.1292795,71.40764498,1.466797749,4803909.919,1.47119015
29:18.0,4745,27.43115165,155.5014124,80.78091147,2.144295226,5326383.483,1.447225451
40:14.2,4750,27.21358347,161.9501787,86.00064627,1.301545362,5124884.862,1.53662582
51:15.6,4755,23.32926661,160.1399529,72.67353491,2.435858882,5671307.46,1.517179387
04:07.2,4760,23.64661904,159.6093722,72.83344994,1.119923211,4947200.323,1.527141351
16:48.4,4765,24.43297822,161.497275,74.95600369,1.49062993,5191370.955,1.443509141
29:05.1,4770,25.30268867,155.136949,81.16800618,1.327810138,4964037.856,1.496178605
40:56.5,4775,26.147224,162.3305609,79.80057192,1.02403771,4965885.575,1.49345552
52:24.9,4780,22.64836226,148.7844308,77.55343936,1.758597556,5092873.559,1.466514822
05:39.6,4785,23.85173272,155.4954068,71.23264755,2.709602727,5631006.247,1.54309002
18:14.3,4790,21.66179043,149.6989893,77.3825258,3.082217254,5973243.268,1.506442905
32:05.2,4795,19.10053549,160.1043223,66.8588836,1.904456994,5512292.98,1.574280917
47:47.6,4800,26.02462352,158.3563187,77.81941082,2.403206592,5553723.069,1.496114625
59:19.3,4805,23.80719669,164.9852966,76.68818027,2.144312162,5686818.125,1.643603569
11:55.4,4810,21.05509843,160.1022936,69.91373002,2.085207456,5556418.053,1.520762167
26:10.3,4815,20.44393156,157.7439495,66.4121199,1.661869424,5230506.309,1.584357342
40:50.7,4820,25.82638887,162.9661612,80.74719691,2.109604586,5578297.306,1.620671218
52:27.7,4825,21.21484539,154.2106293,71.64295055,2.074778365,5409799.608,1.560091517
06:36.1,4830,27.05972868,171.6901634,77.81960085,1.825186227,5585441.001,1.638638419
17:41.3,4835,21.38866088,159.7241897,74.36725187,1.835074849,5452906.947,1.541780586
31:42.9,4840,21.14840968,164.4101753,69.79057822,1.976379821,5605079.341,1.682891221
45:54.0,4845,25.07250924,172.4006067,74.77974034,2.499058145,5982844.22,1.61784693
57:51.9,4850,21.29371547,157.4446861,68.8511897,1.318196868,5027497.152,1.593969688
11:57.3,4855,21.40757831,158.9866422,73.19073074,1.885985145,5444364.959,1.61526708
25:58.1,4860,19.55290739,161.6655415,68.60863067,2.916026879,6166294.985,1.676881987
41:18.7,4865,20.58308254,164.4530521,65.85031825,2.510626802,5865162.159,1.613186281
55:53.2,4870,23.87732168,166.9816297,74.14888463,2.685216179,5986737.002,1.61066698
08:27.0,4875,22.34676825,169.8964599,70.07323775,2.055458626,5741633.548,1.642526713
21:52.5,4880,24.96349146,177.5232891,71.87127711,2.273520351,5966958.199,1.599957481
33:53.6,4885,15.81156711,159.6051043,61.68007337,2.446762285,5992220.412,1.754759161
52:52.0,4890,24.33819426,169.5359572,79.21528869,2.878504904,6233087.211,1.6400544
05:11.5,4895,20.43423894,166.7480824,73.24819663,1.105604143,5230094.277,1.714304859
19:52.4,4900,21.54896651,165.672532,74.46398265,1.397764191,5349395.701,1.687247589
33:47.7,4905,21.99383953,163.4401006,69.79564807,2.610169518,5880565.682,1.631290592
47:26.1,4910,17.94552355,164.1827975,60.9730204,1.806666049,5533087.142,1.683649417
04:09.2,4915,26.86091969,178.9566797,77.98677357,1.942451992,5850731.657,1.726257842
15:19.3,4920,21.59877902,173.0746566,69.27692626,1.478699202,5536442.999,1.680430481
29:12.7,4925,18.76749427,171.9281412,63.54444949,1.829456698,5754034.818,1.751955498
45:11.8,4930,21.42374003,178.4463822,69.50688373,1.524346653,5717797.127,1.745498118
59:12.0,4935,20.07804724,164.1301962,73.29586197,3.115616745,6429327.581,1.742153099
14:08.5,4940,20.13751996,162.508212,69.37195333,1.962370496,5593994.497,1.674668936
29:02.3,4945,23.1338631,157.2214489,76.73832832,1.905002857,5374097.624,1.644760976
42:00.4,4950,22.43780623,165.6964404,74.94566001,2.338925206,5861414.748,1.668830033
55:22.6,4955,18.13680863,171.751855,62.81480004,2.548588941,6200601.562,1.709731456
11:55.1,4960,18.29102252,172.2847676,64.2181714,2.570090233,6248856.85,1.727271708
28:19.2,4965,23.67749221,167.2535084,76.51069708,2.550985467,5977777.111,1.591119624
40:59.4,4970,15.92321032,163.8462048,54.77225564,1.59543241,5412356.208,1.698661707
59:49.8,4975,21.94286578,175.3404702,67.29417329,1.990649913,5831825.942,1.705995449
13:30.1,4980,17.49689273,171.7373221,61.53061157,2.422407321,6147397.994,1.682893538
30:38.9,4985,18.99682586,177.3887328,63.8728734,1.918697328,5947104.618,1.759672638
46:26.4,4990,18.9500094,162.5841351,66.09230796,1.979429354,5620672.523,1.714197464
02:16.3,4995,17.47359301,175.4137976,64.43633801,2.358911563,6278599.447,1.756282361
19:26.4,5000,11.36258369,187.2895717,48.60146459,2.958073434,7280641.789,2.23903206
45:50.5,5005,10.46554131,193.6972026,44.05437777,1.768235366,6562277.134,2.29687231
14:30.5,5010,14.60635639,199.8938178,59.88632335,3.286525962,7765587.214,2.331642354
35:02.8,5015,15.06745101,197.1676493,58.22154276,2.741663762,7197215.49,2.315086677
54:57.4,5020,11.83251312,187.7743596,46.71487698,2.873300018,7069450.268,2.194230697
20:18.7,5025,14.82975116,193.8501811,59.13301955,3.139755384,7436875.739,2.235213283
40:32.4,5030,12.78491163,186.0778333,49.35007158,3.352026114,7296658.052,2.229422746
04:00.4,5035,15.13050669,200,50.71704237,3.462965772,7448346.136,2.269653539
23:50.0,5040,14.33806493,194.9433681,49.45822511,3.383736141,7321361.286,2.277745911
44:45.4,5045,11.29563877,198.5705875,48.80420773,3.410535868,7945667.628,2.19945057
11:18.9,5050,14.89114169,192.2208109,55.6635864,2.847550323,7070838.598,2.242485908
31:27.7,5055,14.23937865,188.0859623,54.56513063,2.562911394,6816847.87,2.135530759
52:31.8,5060,11.84466854,193.8762511,46.34161882,3.125126998,7387388.962,2.305794735
17:51.5,5065,11.78920795,198.1713436,45.20211159,3.019663288,7393334.033,2.204989492
43:18.3,5070,12.07691507,191.4005997,46.44702731,2.440015534,6832388.902,2.230055913
08:08.8,5075,11.77053191,197.4373422,43.31694003,2.830928103,7174430.198,2.208182252
33:38.0,5080,12.14078776,195.2308534,49.45319558,2.696332303,7211068.835,2.277119644
58:20.6,5085,11.93167455,179.2066992,49.4837602,1.909901339,6248712.279,2.073852251
23:29.2,5090,12.56449463,191.902208,49.96733373,3.263416534,7462338.998,2.210566689
47:21.8,5095,15.23739194,188.6410608,58.36483342,2.670131661,6901705.553,2.201541037
07:03.1,5100,16.11778209,193.9558636,58.1248138,3.720289106,7593508.465,2.179355133
25:39.9,5105,13.17440464,192.1915406,48.79337393,1.857701722,6424641.515,2.283328791
48:26.2,5110,13.99723568,197.4153472,52.54415933,2.386049827,6923287.026,2.147412615
09:52.1,5115,16.1107392,195.6192374,60.00352961,2.792118746,7121545.896,2.224917453
28:29.4,5120,15.26309045,194.2618974,53.94707344,3.246186236,7268744.593,2.198481828
48:08.7,5125,14.16194721,200,48.47392418,2.937113983,7181794.866,2.237885971
09:19.7,5130,12.71517669,197.6999124,45.99156258,2.752403771,7102285.51,2.135397158
32:55.4,5135,14.81009794,192.5376784,55.32072896,2.042252817,6562384.913,2.125867281
53:10.7,5140,14.52555268,192.3889017,54.9095361,2.092421298,6606553.793,2.210897779
13:49.9,5145,11.37326012,185.8878275,48.74700726,2.655153002,7024217.399,2.170765485
40:12.6,5150,15.15024434,187.1818523,56.43816559,1.812029396,6265628.57,2.065491593
00:00.7,5155,14.70945755,189.4386004,51.81955114,2.253116909,6530784.369,2.108853667
20:24.4,5160,14.65290474,194.8057904,51.49827115,2.870603798,7046153.363,2.148067611
40:52.8,5165,10.45263255,193.3180923,40,2.016180319,6598597.897,2.16342321
09:34.9,5170,15.19893491,195.2275358,53.21022094,3.38734982,7361155.768,2.08022496
29:19.2,5175,16.80570755,183.9874633,62.63669939,3.03057566,6957784.511,1.960998326
47:10.2,5180,14.29307377,193.6353606,49.71826709,1.783681289,6348171.546,2.125278359
08:09.6,5185,16.11410757,196.0968934,55.8840164,2.111831869,6607280.696,2.030397121
26:46.6,5190,15.02087002,190.0736343,53.18926222,1.293729677,5972614.261,1.982740609
46:45.0,5195,17.01002013,186.2082593,60.14513772,2.013843907,6302579.809,1.934092759
04:23.2,5200,14.07291185,190.7991707,52.06922194,2.92221388,7060820.972,2.10842549
25:42.2,5205,13.17950658,189.0474238,49.64456488,2.253424545,6614545.862,2.066099467
48:28.0,5210,17.6287342,187.0409121,61.70565502,2.747022075,6753061.629,2.040261631
05:29.0,5215,15.25795157,191.7184423,57.50164654,1.842317347,6422489.534,2.112814257
25:08.7,5220,16.16910261,196.4590071,51.11986493,2.969902854,6971364.715,2.066999685
43:42.0,5225,16.71111122,193.391875,55.38577643,2.325248288,6599084.844,2.107679832
01:39.1,5230,15.90512137,181.3467963,60.17111559,2.360484782,6480153.626,1.948929588
20:30.8,5235,17.62234758,199.5368549,58.89443415,2.584973995,6926670.154,2.008519734
37:32.2,5240,14.00593865,188.8242002,49.70497845,1.705960784,6191101.534,1.921081116
58:57.4,5245,16.65741031,182.8525097,61.36887215,1.833918041,6148553.173,1.982115058
16:58.0,5250,17.30780562,187.4344031,53.69856786,2.88295388,6648775.644,1.9728279
34:18.0,5255,15.06932102,191.8068066,53.66703828,2.683521456,6873104.396,2.00828027
54:12.5,5260,21.39709469,198.3694947,69.67216431,3.203644861,7202166.671,1.970944288
08:13.7,5265,16.54463581,185.3026007,57.33325799,2.579290103,6589508.79,1.991587767
26:21.7,5270,14.9376453,195.6899635,53.95521712,2.590733809,6944930.081,1.987384711
46:26.7,5275,11.70018335,200,42.93502591,1.666348263,6506485.754,2.051807524
12:05.1,5280,17.49892838,185.1558827,64.66150386,2.281674573,6498567.889,1.920206792
29:13.8,5285,14.51043179,185.41543,52.06169871,2.273022889,6458353.438,1.88090216
49:54.3,5290,12.06034716,183.8995661,52.2234477,3.28636055,7458684.934,1.93231919
14:46.8,5295,17.58424038,185.6922955,57.26160883,2.668170371,6557359.48,1.872051587
31:50.4,5300,20.27187124,191.1024306,62.87010484,3.29701929,6968466.561,1.97851179
46:38.3,5305,19.09913946,190.7230202,62.35550246,2.737223994,6737155.504,1.882607211
02:20.8,5310,16.62663237,192.1095168,58.26032323,2.048322272,6473349.588,1.860958346
20:23.4,5315,17.25669605,182.9425685,60.60542455,2.364062221,6416115.912,1.858263489
37:46.4,5320,14.87461017,179.1664599,54.50093977,2.36951945,6378121.678,1.910473546
57:56.6,5325,16.95381835,186.9036707,59.59991573,1.878822513,6233111.628,1.859528098
15:38.3,5330,19.33088653,187.3086897,60.09823871,2.139588474,6252215.324,1.828342181
31:09.4,5335,19.05051774,191.7715264,61.40778467,2.387115073,6552821.746,1.936858261
46:54.3,5340,18.71471435,183.4635328,65.13186293,3.105999828,6860216.121,1.804109978
02:56.1,5345,19.53392527,187.4542453,61.61423949,1.316768687,5827785.311,1.842194654
18:17.6,5350,19.30729995,195.5736233,56.57026857,3.04093578,6864957.437,1.866706837
33:49.9,5355,22.70245918,184.9853986,65.45493196,1.808552676,5942334.717,1.746384278
47:02.7,5360,20.46924378,185.5337251,58.38525505,1.624510387,5857727.433,1.846014711
01:42.1,5365,16.30729163,181.5629724,55.71709075,2.765429509,6574979.769,1.763494712
20:05.9,5370,19.95786262,187.0699195,56.53642719,2.685604899,6409611.837,1.851841792
35:07.8,5375,19.86237414,192.2518455,61.59497327,2.972307137,6827026.406,1.757232971
50:14.0,5380,18.76367232,186.5608767,63.4578381,2.754847007,6688759.587,1.834883082
06:13.3,5385,17.86129222,188.1796707,57.47960898,3.369942993,6994954.241,1.850637322
23:01.1,5390,15.41292864,185.2902716,52.7654027,2.532670766,6543267.551,1.833745907
42:28.9,5395,19.60314283,191.8557365,60.01792526,2.284556115,6435064.428,1.798800887
57:47.2,5400,18.85738429,195.0965818,61.03568321,2.558099419,6743893.014,1.770468477
13:41.7,5405,19.59989841,186.7865978,61.92953831,2.896101566,6666458.152,1.749253176
29:00.1,5410,20.56801974,189.2607497,62.75692591,2.004193933,6213470.393,1.847913082
43:35.2,5415,21.08525868,184.4196132,66.33688948,1.942071426,6080469.013,1.735924466
57:48.9,5420,17.77329832,171.5951988,58.76844914,1.887420197,5752930.252,1.715838336
14:41.6,5425,18.40017455,190.8638726,56.28651864,1.267733641,5873620.113,1.798010595
30:59.9,5430,19.26215478,184.7250595,56.22414075,2.253173869,6168840.276,1.72224719
46:34.4,5435,19.56143833,185.8984438,65.13524799,1.314164913,5823479.719,1.712127097
01:54.5,5440,22.77512817,179.1901598,69.56795257,2.212771841,6049046.618,1.685293353
15:04.9,5445,18.55544604,182.9217899,59.39136381,2.626499584,6433415.367,1.731440818
31:15.0,5450,18.80548033,183.7058012,59.17957917,1.978051806,6080672.506,1.749834848
47:12.1,5455,22.96425824,191.6400768,67.23775652,3.227391116,6850144.551,1.764782816
00:15.9,5460,17.87644457,186.2377398,61.40980264,1.574506324,6009852.091,1.799126003
17:02.9,5465,19.55356818,197.7400338,61.61036294,3.025140392,7030704.362,1.777114067
32:23.4,5470,15.70260801,188.0599108,54.42011446,2.562267498,6654774.913,1.740710938
51:29.7,5475,19.18418127,179.6347463,63.71843646,1.335199183,5662636.338,1.740107612
07:08.0,5480,18.59299133,187.0211775,54.62983854,3.597577436,6916277.392,1.775565849
23:16.1,5485,16.03747355,186.1861033,52.47580856,2.214281021,6323342.109,1.81400475
41:58.5,5490,16.07902552,176.1775306,57.91592929,1.683469532,5847617.74,1.757287554
00:37.9,5495,18.86455618,194.041258,57.4529114,1.605676149,6133880.171,1.728387574
16:32.1,5500,18.41019782,188.6180148,59.89766447,2.132769517,6337185.354,1.703348794
32:49.8,5505,16.98866631,186.990302,54.31706571,2.100305605,6254396.337,1.682154235
50:29.4,5510,20.53926822,189.8930701,63.29471309,2.408145943,6454641.515,1.789423234
05:05.7,5515,18.44409425,182.1855184,64.14124062,2.116726875,6234029.818,1.786974893
21:21.6,5520,16.35631794,186.9071695,48.64033276,2.521580085,6386464.608,1.789179139
39:42.1,5525,20.97971055,192.2563134,64.10408153,2.170506109,6383844.928,1.756379283
54:00.1,5530,16.19824692,186.3535788,52.91303751,1.301669708,5814663.061,1.835923802
12:31.3,5535,18.90599271,175.1394075,63.69238241,2.066809132,5973452.318,1.744396396
28:23.4,5540,18.61363416,190.0442172,56.94105267,1.14944817,5789224.74,1.819648123
44:30.5,5545,19.48738296,188.6127566,58.62386642,2.467790238,6420182.169,1.773483295
59:54.1,5550,19.19941845,189.0663219,58.16261864,1.782720888,6085631.878,1.748788189
15:31.7,5555,20.99631071,194.9361927,63.33618822,2.521766693,6624153.98,1.812862835
29:48.9,5560,16.28646321,194.4062628,51.14583359,2.986455692,6913468.961,1.807989544
48:14.2,5565,19.79546959,192.7286938,60.26743433,1.910580189,6256944.092,1.809863876
03:23.5,5570,20.32651855,197.1558688,62.91605981,2.984451423,6964337.03,1.800817731
18:09.0,5575,18.66343044,183.6754419,60.95328528,2.053397579,6162395.118,1.799823536
34:13.5,5580,20.06841375,199.4193056,65.50229787,3.492447601,7396732.232,1.926321463
49:10.4,5585,16.23752824,197.787455,52.65663818,2.253842146,6650862.481,1.871514901
07:38.9,5590,17.6980015,187.8351981,60.49744485,1.942555205,6264605.097,1.854051153
24:36.0,5595,17.44561845,185.5792621,55.78549117,2.620695495,6501371.805,1.829309809
41:47.8,5600,19.98602541,191.7101605,61.04936376,2.220217766,6394633.486,1.880083603
56:48.4,5605,18.22453455,191.4742487,55.27363155,1.951472715,6240182.089,1.86182055
13:16.1,5610,16.06803448,197.8922377,53.79995073,2.18474929,6654772.911,1.84360841
31:56.3,5615,20.78635888,190.7555401,62.47332571,2.376121085,6430231.545,1.833672525
46:22.3,5620,16.01988056,190.4620244,52.94195165,3.003263,6899529.007,1.851525372
05:05.9,5625,17.6480285,185.3749604,52.23181827,1.180010926,5657707.354,1.703930911
22:05.8,5630,15.66567926,200,51.92571207,2.476192187,6865331.792,1.880016015
41:14.8,5635,18.57432936,195.2505611,58.28605086,2.74850152,6807246.382,1.852240947
57:23.9,5640,18.31243953,199.3012437,59.11074066,2.687714302,6926518.109,1.963614055
13:46.8,5645,15.52218235,196.6677465,54.54803235,3.111310453,7241839.337,1.892392462
33:06.5,5650,20.80814227,200,61.93087847,2.478073097,6722638.973,1.839542418
47:31.5,5655,15.65849473,194.2647654,46.76368006,2.27809584,6468050.516,1.904174134
06:41.1,5660,16.70750566,200,52.39498294,2.749550959,6936491.903,1.862143332
24:38.4,5665,17.0468054,200,50.87689025,2.561503495,6768844.464,1.94599605
42:14.3,5670,15.71863583,199.4110859,51.71742858,2.315663295,6748328.433,1.944835636
01:19.5,5675,16.42276404,200,51.55294185,2.810271545,6970636.771,1.986220289
19:35.5,5680,15.02444622,193.5439633,56.62896506,2.120777919,6652425.987,1.906892775
39:33.6,5685,17.57750067,199.3688623,49.58161492,2.195642245,6502723.388,1.956305336
56:37.6,5690,17.9685,192.39381,54.07202602,2.136834179,6353006.152,1.894572342
13:19.3,5695,14.71245047,200,50.14417263,3.233069076,7347427.659,2.006157975
33:42.8,5700,11.70273306,200,45.70396135,1,6127640.229,2.005318726
59:20.9,5705,15.05129428,200,49.5179688,2.754051313,7011603.737,2.012480264
19:16.8,5710,13.507396,200,49.74054208,2.561488385,7075374.736,1.996099486
41:29.4,5715,14.90732324,200,48.81300762,1.720119099,6423765.542,2.025090124
01:36.9,5720,14.16093364,200,47.96000772,2.764896998,7063630.737,2.092896546
22:48.0,5725,13.83132454,196.1352239,50.3819198,2.747595907,7068633.529,2.006738901
44:29.4,5730,14.97368475,200,47.01188901,2.848386046,6991405.719,2.036216573
04:31.5,5735,18.00919065,200,56.86472213,1.271273969,6146276.71,1.983236163
21:11.0,5740,14.18895544,200,44.09543447,3.182006063,7153601.256,2.002345884
42:19.6,5745,13.06672806,200,44.80623689,2.183464294,6741796.799,2.058815213
05:17.1,5750,15.79529197,200,60.73200535,3.093289053,7497344.014,2.117226931
24:16.7,5755,13.56203595,200,43.14801416,2.906357179,7043492.629,2.057253001
46:23.9,5760,11.7163566,200,41.2788982,2.087724377,6719209.355,2.06623016
12:00.2,5765,13.62244976,200,51.68095208,2.951410008,7377926.962,2.065553981
34:01.6,5770,12.96342244,200,40,2.32214191,6686591.411,2.066937232
57:10.1,5775,14.97489448,200,45.40961909,1.570081132,6274361.511,2.116096388
17:12.1,5780,17.47543479,200,59.3828713,3.248213447,7350594.599,2.034045084
34:22.1,5785,13.1663056,200,40,2.220400679,6614659.577,2.180394098
57:09.3,5790,11.57244846,200,40,2.106869702,6706679.208,2.090385895
23:04.7,5795,10.6951482,200,40,2.395345312,6994103.691,2.166924691
51:07.7,5800,14.37475111,200,51.87692933,2.766632643,7170004.802,2.07435674
11:59.9,5805,15.48791747,200,50.28251734,2.675505232,6947391.622,2.178172671
31:22.1,5810,10.71602985,200,41.86602001,2.903597209,7403109.421,2.185041092
59:21.8,5815,13.96140784,200,47.99322391,2.011746607,6643774.867,2.177198907
20:51.1,5820,14.50114981,200,53.07848889,2.305013212,6904666.905,2.114636792
41:32.4,5825,14.17765003,200,53.25831357,2.678684393,7183378.104,2.183022439
02:42.0,5830,13.7009855,200,44.71480609,3.549296743,7444194.678,2.117389555
24:35.7,5835,10.68137271,200,40,2.542252156,7090416.43,2.169705396
52:40.9,5840,10.31229963,200,40,3.198929647,7585596.578,2.239412823
21:46.4,5845,12.06736883,200,40.69784754,2.677243354,7006196.02,2.233167069
46:38.0,5850,13.15075809,200,42.34819183,2.40410638,6785444.793,2.19926613
09:26.8,5855,12.83643667,200,43.78302416,2.499312267,6919708.746,2.154721122
32:49.0,5860,12.22280965,200,48.086368,2.651585815,7246695.004,2.240469257
57:21.7,5865,12.90407044,200,49.49247538,3.028537486,7449706.633,2.213656053
20:36.6,5870,12.94966053,200,45.06410015,3.277180193,7413476.314,2.100932034
43:46.6,5875,12.88690634,200,47.33391939,2.924849596,7300074.089,2.260099097
07:03.4,5880,11.02082143,200,44.50279947,3.280378383,7729316.116,2.223530259
34:16.6,5885,11.56442809,200,41.34886453,2.227390941,6823572.264,2.288389068
00:13.1,5890,13.40477846,200,48.32171626,2.476948044,6989012.774,2.176773979
22:35.9,5895,11.76601239,200,46.64037397,2.221207628,6967736.1,2.075716074
48:05.8,5900,12.95642322,200,52.09918888,2.941267147,7485964.361,2.251258628
11:15.0,5905,10.141851,200,40,2.489105964,7141316.013,2.254372142
40:49.9,5910,11.46385487,200,41.48377806,2.968077942,7299631.287,2.157483487
07:00.0,5915,13.4878714,200,42.43241335,2.177752145,6632737.899,2.195046319
29:14.5,5920,10.43302727,200,40.49762711,2.800967117,7322262.389,2.383415357
57:59.8,5925,12.16627594,200,48.38153947,3.07475397,7554585.042,2.231784188
22:39.3,5930,10.86859683,200,40.54653937,1.666228054,6523841.273,2.284748426
50:15.5,5935,10.47565975,200,40,3.698368196,7879414.648,2.216527491
18:53.7,5940,13.82228731,200,48.25656018,2.515333369,6963744.03,2.145128634
40:36.0,5945,12.72551405,200,45.37021633,1.697679876,6495836.561,2.241436808
04:10.5,5950,11.93933494,200,40,2.733139094,7028076.735,2.236697737
29:18.1,5955,11.21401172,200,41.76403673,2.682196193,7170819.349,2.22973457
56:03.2,5960,12.33667669,200,40,2.618697806,6913882.181,2.243469507
20:22.3,5965,11.51992641,200,40,3.170116711,7345406.142,2.261611164
46:24.8,5970,10.00774484,200,40,3.030368435,7534821.97,2.239812133
16:23.4,5975,15.06931198,200,46.78191187,2.823559519,6961005.726,2.18276313
36:17.9,5980,11.21013452,200,41.14996621,2.916643102,7293784.504,2.268644868
03:03.6,5985,10.3538548,200,40,2.526694348,7131748.176,2.144967772
32:02.1,5990,15.14840642,200,48.08331528,3.536790581,7382937.704,2.137749869
51:50.3,5995,12.62819641,200,40,1.945730783,6514766.773,2.274791209
