Date,Well_ID,Oil_Production_bbl,Gas_Production_mcf,Water_Production_bbl
2020-01-01,Well_01,980.58,3089.56,111.62
2020-01-02,Well_01,1022.34,3339.84,117.1
2020-01-03,Well_01,939.56,2970.2,108.28
2020-01-04,Well_01,939.96,3497.27,108.99
2020-01-05,Well_01,1025.47,3332.66,119.63
2020-01-06,Well_01,987.59,3001.11,115.91
2020-01-07,Well_01,930.06,3363.04,109.82
2020-01-08,Well_01,977.49,3372.2,116.12
2020-01-09,Well_01,930.98,3356.07,111.25
2020-01-10,Well_01,931.13,2904.82,111.94
2020-01-11,Well_01,964.0,3271.29,116.58
2020-01-12,Well_01,864.95,2406.09,105.22
2020-01-13,Well_01,873.92,2923.28,106.93
2020-01-14,Well_01,927.35,2882.09,114.14
2020-01-15,Well_01,906.85,2544.98,112.26
2020-01-16,Well_01,967.25,3296.01,120.43
2020-01-17,Well_01,911.66,2454.0,114.17
2020-01-18,Well_01,888.79,2369.49,111.95
2020-01-19,Well_01,1018.45,3298.62,129.01
2020-01-20,Well_01,941.92,3100.31,120.0
2020-01-21,Well_01,954.72,3238.38,122.32
2020-01-22,Well_01,887.58,2959.57,114.36
2020-01-23,Well_01,926.47,3260.65,120.04
2020-01-24,Well_01,955.07,3174.57,124.44
2020-01-25,Well_01,898.49,2798.16,117.72
2020-01-26,Well_01,965.34,3020.6,127.18
2020-01-27,Well_01,921.48,2834.96,122.07
2020-01-28,Well_01,934.24,3010.1,124.44
2020-01-29,Well_01,919.73,2640.8,123.18
2020-01-30,Well_01,1025.9,3317.17,138.15
2020-01-31,Well_01,943.31,2948.63,127.72
2020-02-01,Well_01,896.78,2884.93,122.08
2020-02-02,Well_01,976.99,3143.74,133.72
2020-02-03,Well_01,887.33,2245.02,122.1
2020-02-04,Well_01,947.53,2767.4,131.08
2020-02-05,Well_01,852.92,2661.3,118.62
2020-02-06,Well_01,878.54,2753.0,122.83
2020-02-07,Well_01,942.03,3026.66,132.4
2020-02-08,Well_01,963.23,3105.2,136.1
2020-02-09,Well_01,937.19,3307.72,133.11
2020-02-10,Well_01,923.05,2978.01,131.79
2020-02-11,Well_01,913.17,2802.31,131.06
2020-02-12,Well_01,861.55,2364.88,124.29
2020-02-13,Well_01,891.28,2498.24,129.24
2020-02-14,Well_01,899.87,2953.77,131.16
2020-02-15,Well_01,960.76,3280.65,140.75
2020-02-16,Well_01,928.48,3282.85,136.72
2020-02-17,Well_01,838.55,2464.61,124.1
2020-02-18,Well_01,922.32,2832.53,137.19
2020-02-19,Well_01,890.31,2856.66,133.1
2020-02-20,Well_01,875.53,3207.17,131.54
2020-02-21,Well_01,925.46,2939.74,139.74
2020-02-22,Well_01,939.51,3324.18,142.57
2020-02-23,Well_01,932.24,2974.22,142.17
2020-02-24,Well_01,857.08,2946.64,131.36
2020-02-25,Well_01,875.4,2981.69,134.83
2020-02-26,Well_01,897.98,2864.02,138.99
2020-02-27,Well_01,920.48,2660.8,143.17
2020-02-28,Well_01,858.52,2644.11,134.18
2020-02-29,Well_01,866.8,3053.33,136.14
2020-03-01,Well_01,826.48,2784.11,130.43
2020-03-02,Well_01,819.37,2489.56,129.93
2020-03-03,Well_01,895.46,2741.37,142.69
2020-03-04,Well_01,913.08,2476.05,146.19
2020-03-05,Well_01,852.74,2994.21,137.18
2020-03-06,Well_01,891.13,3003.75,144.04
2020-03-07,Well_01,861.88,2683.09,139.98
2020-03-08,Well_01,818.45,2617.38,133.55
2020-03-09,Well_01,853.68,2220.39,139.96
2020-03-10,Well_01,895.26,2708.18,147.46
2020-03-11,Well_01,829.9,2891.07,137.34
2020-03-12,Well_01,887.55,3013.0,147.56
2020-03-13,Well_01,721.85,2332.21,120.57
2020-03-14,Well_01,850.09,2672.6,142.65
2020-03-15,Well_01,817.51,2737.12,137.82
2020-03-16,Well_01,798.38,2456.39,135.21
2020-03-17,Well_01,808.89,2206.98,137.62
2020-03-18,Well_01,725.47,2282.34,124.0
2020-03-19,Well_01,788.18,2560.87,135.33
2020-03-20,Well_01,805.5,2763.08,138.93
2020-03-21,Well_01,843.15,2347.91,146.08
2020-03-22,Well_01,763.52,2379.61,132.89
2020-03-23,Well_01,748.17,2340.74,130.8
2020-03-24,Well_01,755.15,2167.5,132.61
2020-03-25,Well_01,803.38,2627.38,141.72
2020-03-26,Well_01,776.94,2591.71,137.66
2020-03-27,Well_01,740.56,2276.77,131.8
2020-03-28,Well_01,774.52,2838.67,138.46
2020-03-29,Well_01,754.57,2314.41,135.49
2020-03-30,Well_01,781.96,2373.33,141.02
2020-03-31,Well_01,716.18,2168.45,129.73
2020-04-01,Well_01,725.34,2134.14,131.96
2020-04-02,Well_01,718.48,2160.36,131.29
2020-04-03,Well_01,675.14,1881.26,123.9
2020-04-04,Well_01,734.39,2276.15,135.36
2020-04-05,Well_01,728.6,2303.88,134.88
2020-04-06,Well_01,714.89,1839.25,132.91
2020-04-07,Well_01,701.85,2191.12,131.05
2020-04-08,Well_01,655.25,2069.41,122.87
2020-04-09,Well_01,686.44,2249.6,129.27
2020-04-10,Well_01,684.89,2363.52,129.53
2020-04-11,Well_01,664.32,2233.41,126.17
2020-04-12,Well_01,682.75,2042.36,130.22
2020-04-13,Well_01,698.42,2068.84,133.77
2020-04-14,Well_01,746.22,2457.7,143.53
2020-04-15,Well_01,681.92,2052.44,131.72
2020-04-16,Well_01,680.68,1932.01,132.03
2020-04-17,Well_01,665.02,2490.77,129.53
2020-04-18,Well_01,596.97,1832.31,116.76
2020-04-19,Well_01,658.69,1969.37,129.37
2020-04-20,Well_01,657.77,1707.3,129.72
2020-04-21,Well_01,736.59,2476.41,145.87
2020-04-22,Well_01,641.41,1859.34,127.54
2020-04-23,Well_01,654.58,2065.08,130.7
2020-04-24,Well_01,639.39,2168.5,128.19
2020-04-25,Well_01,597.19,1733.52,120.22
2020-04-26,Well_01,672.15,2129.11,135.86
2020-04-27,Well_01,655.32,2314.13,132.99
2020-04-28,Well_01,653.13,1651.76,133.09
2020-04-29,Well_01,592.52,1744.08,121.22
2020-04-30,Well_01,666.83,1947.04,136.98
2020-05-01,Well_01,569.71,1766.41,117.5
2020-05-02,Well_01,632.99,1984.77,131.07
2020-05-03,Well_01,683.15,1967.71,142.03
2020-05-04,Well_01,574.51,1713.65,119.92
2020-05-05,Well_01,585.69,1729.47,122.74
2020-05-06,Well_01,604.83,1850.32,127.25
2020-05-07,Well_01,582.22,1864.57,122.98
2020-05-08,Well_01,545.25,1841.25,115.63
2020-05-09,Well_01,595.66,2033.17,126.81
2020-05-10,Well_01,556.26,1842.44,118.89
2020-05-11,Well_01,603.76,1767.52,129.55
2020-05-12,Well_01,556.21,1750.25,119.81
2020-05-13,Well_01,633.69,2373.48,137.04
2020-05-14,Well_01,556.19,1892.75,120.75
2020-05-15,Well_01,568.9,1727.55,123.98
2020-05-16,Well_01,603.18,2138.85,131.96
2020-05-17,Well_01,535.84,1634.26,117.68
2020-05-18,Well_01,580.42,1729.25,127.97
2020-05-19,Well_01,612.8,2144.21,135.62
2020-05-20,Well_01,518.68,1461.55,115.23
2020-05-21,Well_01,573.65,1529.17,127.93
2020-05-22,Well_01,574.36,1944.0,128.58
2020-05-23,Well_01,589.15,1858.51,132.39
2020-05-24,Well_01,524.46,1667.6,118.3
2020-05-25,Well_01,520.55,1591.11,117.87
2020-05-26,Well_01,576.61,1780.3,131.05
2020-05-27,Well_01,568.32,1723.27,129.66
2020-05-28,Well_01,565.65,1691.28,129.53
2020-05-29,Well_01,567.45,1731.54,130.43
2020-05-30,Well_01,534.81,1627.69,123.39
2020-05-31,Well_01,561.83,1651.19,130.11
2020-06-01,Well_01,562.73,1694.01,130.8
2020-06-02,Well_01,531.15,1337.1,123.92
2020-06-03,Well_01,608.78,2021.16,142.56
2020-06-04,Well_01,565.71,1836.23,132.96
2020-06-05,Well_01,514.7,1609.06,121.42
2020-06-06,Well_01,569.83,1827.63,134.92
2020-06-07,Well_01,520.22,1673.27,123.63
2020-06-08,Well_01,572.54,1697.73,136.56
2020-06-09,Well_01,583.1,1757.16,139.59
2020-06-10,Well_01,523.67,1717.98,125.82
2020-06-11,Well_01,576.34,1844.2,138.98
2020-06-12,Well_01,559.65,2049.51,135.44
2020-06-13,Well_01,571.43,2031.68,138.8
2020-06-14,Well_01,602.77,2038.87,146.94
2020-06-15,Well_01,539.58,1594.88,132.01
2020-06-16,Well_01,524.59,1576.63,128.8
2020-06-17,Well_01,520.6,1507.28,128.28
2020-06-18,Well_01,522.76,1682.26,129.28
2020-06-19,Well_01,544.23,1337.38,135.07
2020-06-20,Well_01,556.34,1686.87,138.57
2020-06-21,Well_01,554.49,1702.47,138.6
2020-06-22,Well_01,570.36,1576.33,143.07
2020-06-23,Well_01,547.04,1831.76,137.71
2020-06-24,Well_01,588.33,1683.07,148.63
2020-06-25,Well_01,539.39,1734.13,136.74
2020-06-26,Well_01,624.39,2403.0,158.85
2020-06-27,Well_01,565.0,1549.18,144.25
2020-06-28,Well_01,523.24,1627.39,134.06
2020-06-29,Well_01,517.5,1575.79,133.05
2020-06-30,Well_01,561.44,1682.09,144.85
2020-07-01,Well_01,541.86,1809.29,140.29
2020-07-02,Well_01,568.29,1947.08,147.64
2020-07-03,Well_01,561.77,1877.39,146.46
2020-07-04,Well_01,546.82,1621.57,143.05
2020-07-05,Well_01,525.65,1976.66,137.99
2020-07-06,Well_01,507.52,1371.23,133.69
2020-07-07,Well_01,537.29,1551.45,142.02
2020-07-08,Well_01,573.32,1829.07,152.07
2020-07-09,Well_01,555.9,1762.27,147.95
2020-07-10,Well_01,516.27,1688.47,137.88
2020-07-11,Well_01,555.19,1968.4,148.78
2020-07-12,Well_01,561.13,1749.26,150.88
2020-07-13,Well_01,526.95,1673.71,142.17
2020-07-14,Well_01,555.17,1664.33,150.3
2020-07-15,Well_01,552.73,1821.67,150.14
2020-07-16,Well_01,520.65,1597.03,141.91
2020-07-17,Well_01,560.97,1720.63,153.41
2020-07-18,Well_01,566.43,1860.42,155.43
2020-07-19,Well_01,580.33,1977.88,159.78
2020-07-20,Well_01,579.5,1501.82,160.09
2020-07-21,Well_01,515.16,1668.32,142.79
2020-07-22,Well_01,526.83,1622.39,146.51
2020-07-23,Well_01,565.01,1913.25,157.66
2020-07-24,Well_01,564.85,1742.33,158.14
2020-07-25,Well_01,564.71,1962.5,158.63
2020-07-26,Well_01,651.45,1939.54,183.6
2020-07-27,Well_01,565.72,1462.94,159.97
2020-07-28,Well_01,580.06,1979.4,164.57
2020-07-29,Well_01,575.01,1687.76,163.67
2020-07-30,Well_01,566.83,1558.59,161.87
2020-07-31,Well_01,541.6,1706.93,155.18
2020-08-01,Well_01,568.72,1755.84,163.48
2020-08-02,Well_01,529.12,1775.11,152.6
2020-08-03,Well_01,542.32,1828.88,156.92
2020-08-04,Well_01,535.5,1698.42,155.45
2020-08-05,Well_01,549.3,1606.59,159.98
2020-08-06,Well_01,605.0,1948.0,176.77
2020-08-07,Well_01,498.95,1591.24,146.26
2020-08-08,Well_01,562.41,1850.81,165.4
2020-08-09,Well_01,504.09,1475.62,148.73
2020-08-10,Well_01,531.83,1620.36,157.42
2020-08-11,Well_01,569.8,1866.6,169.2
2020-08-12,Well_01,543.4,1881.06,161.88
2020-08-13,Well_01,514.19,1743.51,153.67
2020-08-14,Well_01,522.17,1654.38,156.56
2020-08-15,Well_01,555.44,1680.12,167.07
2020-08-16,Well_01,519.71,1688.68,156.82
2020-08-17,Well_01,541.72,1556.25,163.99
2020-08-18,Well_01,536.32,1577.78,162.87
2020-08-19,Well_01,518.1,1827.74,157.84
2020-08-20,Well_01,584.55,1899.09,178.65
2020-08-21,Well_01,546.54,1672.47,167.56
2020-08-22,Well_01,481.03,1614.52,147.94
2020-08-23,Well_01,532.81,1849.73,164.39
2020-08-24,Well_01,510.96,1551.08,158.14
2020-08-25,Well_01,545.59,1658.57,169.39
2020-08-26,Well_01,504.74,1518.49,157.21
2020-08-27,Well_01,519.22,1760.31,162.22
2020-08-28,Well_01,532.18,1805.55,166.79
2020-08-29,Well_01,538.9,1884.3,169.43
2020-08-30,Well_01,488.41,1661.37,154.03
2020-08-31,Well_01,506.96,1387.33,160.38
2020-09-01,Well_01,501.8,1614.96,159.24
2020-09-02,Well_01,495.73,1428.24,157.81
2020-09-03,Well_01,550.05,1660.31,175.65
2020-09-04,Well_01,516.36,1647.47,165.4
2020-09-05,Well_01,475.74,1597.54,152.86
2020-09-06,Well_01,523.96,1531.69,168.87
2020-09-07,Well_01,549.45,1407.81,177.63
2020-09-08,Well_01,522.15,1667.25,169.33
2020-09-09,Well_01,461.53,1759.95,150.13
2020-09-10,Well_01,482.98,1495.56,157.59
2020-09-11,Well_01,520.53,1644.56,170.36
2020-09-12,Well_01,473.39,1702.46,155.41
2020-09-13,Well_01,497.11,1638.57,163.69
2020-09-14,Well_01,502.16,1608.0,165.86
2020-09-15,Well_01,461.48,1503.92,152.89
2020-09-16,Well_01,478.54,1536.4,159.02
2020-09-17,Well_01,405.02,1158.61,135.0
2020-09-18,Well_01,452.13,1270.39,151.16
2020-09-19,Well_01,466.83,1691.19,156.55
2020-09-20,Well_01,442.29,1412.63,148.77
2020-09-21,Well_01,503.42,1597.24,169.84
2020-09-22,Well_01,433.34,1354.12,146.64
2020-09-23,Well_01,452.58,1513.57,153.61
2020-09-24,Well_01,462.52,1751.48,157.46
2020-09-25,Well_01,488.5,1602.06,166.8
2020-09-26,Well_01,423.19,1269.37,144.94
2020-09-27,Well_01,477.05,1485.53,163.87
2020-09-28,Well_01,449.4,1535.73,154.83
2020-09-29,Well_01,425.37,1276.46,146.99
2020-09-30,Well_01,453.83,1525.88,157.3
2020-10-01,Well_01,445.52,1141.95,154.87
2020-10-02,Well_01,425.76,1315.48,148.44
2020-10-03,Well_01,437.43,1446.05,152.97
2020-10-04,Well_01,425.1,1474.02,149.1
2020-10-05,Well_01,433.06,1273.83,152.33
2020-10-06,Well_01,442.0,1223.99,155.94
2020-10-07,Well_01,458.8,1413.98,162.34
2020-10-08,Well_01,396.73,1136.31,140.79
2020-10-09,Well_01,464.82,1445.61,165.44
2020-10-10,Well_01,376.72,1185.14,134.48
2020-10-11,Well_01,411.75,1159.25,147.42
2020-10-12,Well_01,424.55,1422.3,152.44
2020-10-13,Well_01,415.58,1291.62,149.66
2020-10-14,Well_01,394.34,1348.52,142.43
2020-10-15,Well_01,400.38,1074.24,145.03
2020-10-16,Well_01,392.03,1133.54,142.42
2020-10-17,Well_01,387.59,1270.41,141.22
2020-10-18,Well_01,414.53,1221.35,151.47
2020-10-19,Well_01,402.0,1248.68,147.32
2020-10-20,Well_01,378.25,1190.63,139.02
2020-10-21,Well_01,408.11,1300.84,150.43
2020-10-22,Well_01,393.74,1172.14,145.55
2020-10-23,Well_01,401.55,1279.0,148.86
2020-10-24,Well_01,395.51,1166.96,147.05
2020-10-25,Well_01,364.01,1207.55,135.73
2020-10-26,Well_01,367.16,1145.07,137.3
2020-10-27,Well_01,390.98,1245.91,146.62
2020-10-28,Well_01,386.03,1464.89,145.18
2020-10-29,Well_01,371.37,1065.38,140.06
2020-10-30,Well_01,371.98,1300.89,140.7
2020-10-31,Well_01,392.7,973.09,148.96
2020-11-01,Well_01,353.94,928.83,134.64
2020-11-02,Well_01,374.23,1061.01,142.76
2020-11-03,Well_01,357.63,1019.63,136.82
2020-11-04,Well_01,355.41,1136.92,136.36
2020-11-05,Well_01,379.05,1220.74,145.84
2020-11-06,Well_01,371.86,1146.59,143.48
2020-11-07,Well_01,369.78,1149.95,143.08
2020-11-08,Well_01,377.42,1238.12,146.45
2020-11-09,Well_01,351.03,1178.54,136.59
2020-11-10,Well_01,361.97,1018.43,141.25
2020-11-11,Well_01,341.41,1043.5,133.6
2020-11-12,Well_01,351.88,1101.41,138.09
2020-11-13,Well_01,341.72,1117.35,134.47
2020-11-14,Well_01,344.51,1017.35,135.95
2020-11-15,Well_01,352.42,1101.37,139.47
2020-11-16,Well_01,324.46,1023.7,128.76
2020-11-17,Well_01,377.6,1121.54,150.27
2020-11-18,Well_01,318.35,943.65,127.04
2020-11-19,Well_01,313.25,993.78,125.36
2020-11-20,Well_01,356.09,1109.14,142.9
2020-11-21,Well_01,348.06,1139.42,140.06
2020-11-22,Well_01,343.79,990.92,138.73
2020-11-23,Well_01,342.73,1048.51,138.69
2020-11-24,Well_01,329.89,1019.33,133.86
2020-11-25,Well_01,312.7,1048.35,127.24
2020-11-26,Well_01,329.52,959.17,134.45
2020-11-27,Well_01,314.91,1009.8,128.84
2020-11-28,Well_01,344.01,1104.68,141.14
2020-11-29,Well_01,322.83,1149.99,132.82
2020-11-30,Well_01,309.82,896.62,127.81
2020-12-01,Well_01,318.16,948.79,131.62
2020-12-02,Well_01,330.62,962.62,137.15
2020-12-03,Well_01,312.48,852.16,129.98
2020-12-04,Well_01,307.27,1103.68,128.16
2020-12-05,Well_01,325.64,923.19,136.2
2020-12-06,Well_01,325.09,956.44,136.34
2020-12-07,Well_01,311.28,1082.93,130.9
2020-12-08,Well_01,311.46,842.85,131.34
2020-12-09,Well_01,323.38,1079.45,136.73
2020-12-10,Well_01,293.54,819.51,124.46
2020-12-11,Well_01,293.95,1017.5,124.97
2020-12-12,Well_01,305.66,795.09,130.3
2020-12-13,Well_01,314.15,850.11,134.28
2020-12-14,Well_01,322.95,972.21,138.42
2020-12-15,Well_01,342.77,1162.8,147.31
2020-12-16,Well_01,331.85,1041.95,143.01
2020-12-17,Well_01,314.16,962.3,135.75
2020-12-18,Well_01,316.42,1103.2,137.09
2020-12-19,Well_01,299.51,1105.27,130.11
2020-12-20,Well_01,316.17,1048.71,137.73
2020-12-21,Well_01,311.51,931.63,136.06
2020-12-22,Well_01,321.79,978.98,140.93
2020-12-23,Well_01,302.34,853.56,132.77
2020-12-24,Well_01,324.99,1031.19,143.1
2020-12-25,Well_01,341.95,935.99,150.96
2020-12-26,Well_01,314.45,1033.47,139.2
2020-12-27,Well_01,323.0,1179.78,143.36
2020-12-28,Well_01,327.82,1091.06,145.89
2020-12-29,Well_01,309.76,938.42,138.22
2020-12-30,Well_01,320.19,1050.3,143.26
2020-01-01,Well_02,1254.0,5494.24,335.39
2020-01-02,Well_02,1251.52,5888.0,336.47
2020-01-03,Well_02,1103.44,4398.49,298.2
2020-01-04,Well_02,1191.32,5228.22,323.62
2020-01-05,Well_02,1153.51,4263.17,314.96
2020-01-06,Well_02,1209.31,5113.92,331.9
2020-01-07,Well_02,1185.59,4376.59,327.06
2020-01-08,Well_02,1029.39,3942.61,285.42
2020-01-09,Well_02,1144.94,5322.22,319.08
2020-01-10,Well_02,1176.35,4669.76,329.51
2020-01-11,Well_02,1084.55,4448.1,305.33
2020-01-12,Well_02,1198.52,5167.74,339.12
2020-01-13,Well_02,1080.56,4528.69,307.29
2020-01-14,Well_02,1121.62,4575.86,320.57
2020-01-15,Well_02,1241.31,5150.07,356.56
2020-01-16,Well_02,1117.35,5370.28,322.56
2020-01-17,Well_02,1198.41,4808.75,347.69
2020-01-18,Well_02,1069.43,4380.44,311.81
2020-01-19,Well_02,1281.26,5599.13,375.43
2020-01-20,Well_02,1149.4,5043.22,338.46
2020-01-21,Well_02,1171.11,5169.27,346.55
2020-01-22,Well_02,1175.31,4979.99,349.51
2020-01-23,Well_02,1198.22,4388.59,358.07
2020-01-24,Well_02,1081.79,4930.78,324.86
2020-01-25,Well_02,1163.59,4260.49,351.13
2020-01-26,Well_02,1127.49,4655.15,341.9
2020-01-27,Well_02,1071.1,4057.28,326.38
2020-01-28,Well_02,1214.59,4871.12,371.89
2020-01-29,Well_02,1141.51,4722.67,351.21
2020-01-30,Well_02,1172.3,4847.27,362.42
2020-01-31,Well_02,1167.71,4866.16,362.74
2020-02-01,Well_02,1138.96,5184.11,355.5
2020-02-02,Well_02,1260.3,5264.83,395.26
2020-02-03,Well_02,1151.36,4550.72,362.82
2020-02-04,Well_02,1069.95,4645.82,338.77
2020-02-05,Well_02,1129.43,4986.18,359.3
2020-02-06,Well_02,1174.94,4271.26,375.55
2020-02-07,Well_02,1174.65,4961.55,377.23
2020-02-08,Well_02,1087.86,4631.37,351.0
2020-02-09,Well_02,1190.97,4686.75,386.08
2020-02-10,Well_02,1048.67,4692.65,341.55
2020-02-11,Well_02,1197.19,4768.19,391.74
2020-02-12,Well_02,1067.24,4345.48,350.85
2020-02-13,Well_02,1121.18,4457.1,370.3
2020-02-14,Well_02,1184.85,4782.33,393.15
2020-02-15,Well_02,1133.47,4168.5,377.84
2020-02-16,Well_02,1166.17,4159.49,390.55
2020-02-17,Well_02,1152.95,5240.63,387.9
2020-02-18,Well_02,1183.68,4448.33,400.07
2020-02-19,Well_02,1168.92,4338.41,396.9
2020-02-20,Well_02,1088.81,3633.05,371.39
2020-02-21,Well_02,1140.23,4361.51,390.71
2020-02-22,Well_02,1028.04,3705.56,353.88
2020-02-23,Well_02,1098.26,5008.86,379.77
2020-02-24,Well_02,1138.36,4959.68,395.43
2020-02-25,Well_02,1100.29,4191.3,383.93
2020-02-26,Well_02,1111.91,5290.02,389.74
2020-02-27,Well_02,1075.12,4674.4,378.55
2020-02-28,Well_02,1137.44,4466.07,402.29
2020-02-29,Well_02,1073.45,3462.02,381.37
2020-03-01,Well_02,1050.25,5009.69,374.8
2020-03-02,Well_02,1112.27,3985.33,398.71
2020-03-03,Well_02,995.62,3485.21,358.49
2020-03-04,Well_02,1084.28,4728.49,392.15
2020-03-05,Well_02,1004.53,4839.82,364.93
2020-03-06,Well_02,1112.57,4981.68,405.97
2020-03-07,Well_02,1033.21,4352.97,378.68
2020-03-08,Well_02,1047.55,4423.79,385.63
2020-03-09,Well_02,1056.01,4547.63,390.46
2020-03-10,Well_02,938.64,4013.55,348.59
2020-03-11,Well_02,995.1,4101.69,371.19
2020-03-12,Well_02,1070.98,4353.32,401.24
2020-03-13,Well_02,1057.37,4241.13,397.88
2020-03-14,Well_02,1024.35,3880.29,387.13
2020-03-15,Well_02,941.85,3711.52,357.5
2020-03-16,Well_02,1028.1,3583.17,391.94
2020-03-17,Well_02,1028.76,4114.49,393.89
2020-03-18,Well_02,992.06,3682.89,381.49
2020-03-19,Well_02,1041.74,3828.71,402.33
2020-03-20,Well_02,947.19,3873.25,367.39
2020-03-21,Well_02,949.93,4255.8,370.04
2020-03-22,Well_02,852.87,3690.66,333.66
2020-03-23,Well_02,1005.34,3543.54,395.0
2020-03-24,Well_02,971.76,3607.21,383.44
2020-03-25,Well_02,874.32,3789.83,346.47
2020-03-26,Well_02,865.5,3214.76,344.43
2020-03-27,Well_02,900.77,3565.93,360.0
2020-03-28,Well_02,971.45,4088.43,389.9
2020-03-29,Well_02,916.0,3406.53,369.2
2020-03-30,Well_02,887.61,3608.28,359.27
2020-03-31,Well_02,873.07,3143.91,354.89
2020-04-01,Well_02,865.66,3321.77,353.36
2020-04-02,Well_02,820.53,3392.35,336.35
2020-04-03,Well_02,847.92,2982.52,349.04
2020-04-04,Well_02,848.74,3541.98,350.84
2020-04-05,Well_02,921.75,3709.92,382.62
2020-04-06,Well_02,878.46,3697.76,366.18
2020-04-07,Well_02,843.78,3462.36,353.19
2020-04-08,Well_02,977.45,4370.28,410.85
2020-04-09,Well_02,840.45,3421.97,354.74
2020-04-10,Well_02,915.94,3565.48,388.21
2020-04-11,Well_02,930.51,3787.77,396.02
2020-04-12,Well_02,785.28,3303.19,335.59
2020-04-13,Well_02,852.16,3448.66,365.68
2020-04-14,Well_02,821.28,3321.47,353.88
2020-04-15,Well_02,812.76,3092.37,351.66
2020-04-16,Well_02,857.87,3274.84,372.7
2020-04-17,Well_02,801.94,2870.03,349.84
2020-04-18,Well_02,802.61,3688.34,351.57
2020-04-19,Well_02,811.96,2947.44,357.12
2020-04-20,Well_02,798.43,3040.21,352.6
2020-04-21,Well_02,759.59,2886.06,336.82
2020-04-22,Well_02,839.09,3624.69,373.59
2020-04-23,Well_02,845.2,3326.77,377.84
2020-04-24,Well_02,810.73,3594.43,363.9
2020-04-25,Well_02,775.85,2959.09,349.66
2020-04-26,Well_02,757.73,3122.72,342.88
2020-04-27,Well_02,753.65,2835.07,342.41
2020-04-28,Well_02,877.96,4146.58,400.5
2020-04-29,Well_02,814.25,2970.55,372.94
2020-04-30,Well_02,736.01,3040.53,338.46
2020-05-01,Well_02,774.01,3278.36,357.36
2020-05-02,Well_02,748.31,3116.45,346.89
2020-05-03,Well_02,783.78,3112.74,364.79
2020-05-04,Well_02,778.43,3105.39,363.74
2020-05-05,Well_02,797.05,3224.31,373.93
2020-05-06,Well_02,714.13,2844.93,336.37
2020-05-07,Well_02,749.96,3256.33,354.65
2020-05-08,Well_02,671.07,3183.59,318.61
2020-05-09,Well_02,688.08,2650.09,327.99
2020-05-10,Well_02,772.05,2771.22,369.47
2020-05-11,Well_02,694.73,2780.79,333.79
2020-05-12,Well_02,696.38,3386.59,335.91
2020-05-13,Well_02,727.2,2742.99,352.16
2020-05-14,Well_02,752.72,3432.27,365.96
2020-05-15,Well_02,679.79,3108.14,331.8
2020-05-16,Well_02,580.81,2237.66,284.61
2020-05-17,Well_02,682.7,2877.38,335.85
2020-05-18,Well_02,762.89,3476.0,376.77
2020-05-19,Well_02,726.4,2839.45,360.16
2020-05-20,Well_02,762.96,3025.56,379.77
2020-05-21,Well_02,664.11,2552.58,331.85
2020-05-22,Well_02,642.37,2379.31,322.24
2020-05-23,Well_02,723.01,2763.2,364.11
2020-05-24,Well_02,712.52,2591.06,360.23
2020-05-25,Well_02,713.39,2883.64,362.07
2020-05-26,Well_02,736.15,2784.77,375.07
2020-05-27,Well_02,714.77,2935.26,365.59
2020-05-28,Well_02,712.71,2515.45,365.95
2020-05-29,Well_02,723.27,2992.83,372.81
2020-05-30,Well_02,713.81,3069.38,369.36
2020-05-31,Well_02,726.21,2460.57,377.23
2020-06-01,Well_02,730.83,3034.3,381.09
2020-06-02,Well_02,749.68,3318.91,392.42
2020-06-03,Well_02,665.77,2424.12,349.84
2020-06-04,Well_02,707.81,3235.12,373.36
2020-06-05,Well_02,674.87,2811.71,357.35
2020-06-06,Well_02,656.77,2498.26,349.1
2020-06-07,Well_02,661.67,2655.4,353.05
2020-06-08,Well_02,705.58,2971.39,377.92
2020-06-09,Well_02,702.2,2847.9,377.55
2020-06-10,Well_02,701.08,2948.02,378.39
2020-06-11,Well_02,677.43,2529.72,367.01
2020-06-12,Well_02,685.66,2801.5,372.89
2020-06-13,Well_02,715.54,2558.24,390.61
2020-06-14,Well_02,630.25,2518.05,345.36
2020-06-15,Well_02,685.94,2565.19,377.3
2020-06-16,Well_02,688.26,2611.26,380.02
2020-06-17,Well_02,712.49,3156.2,394.88
2020-06-18,Well_02,635.76,2786.62,353.69
2020-06-19,Well_02,739.41,3125.96,412.91
2020-06-20,Well_02,692.92,2549.19,388.4
2020-06-21,Well_02,694.96,2730.61,391.02
2020-06-22,Well_02,671.04,2967.62,378.98
2020-06-23,Well_02,705.08,2874.55,399.71
2020-06-24,Well_02,687.71,3286.68,391.32
2020-06-25,Well_02,729.51,3033.31,416.66
2020-06-26,Well_02,635.17,2599.84,364.14
2020-06-27,Well_02,693.15,2725.12,398.87
2020-06-28,Well_02,701.75,2859.09,405.33
2020-06-29,Well_02,681.03,2711.88,394.84
2020-06-30,Well_02,673.73,2869.8,392.06
2020-07-01,Well_02,675.63,2932.06,394.64
2020-07-02,Well_02,694.93,2625.24,407.42
2020-07-03,Well_02,625.89,2254.39,368.31
2020-07-04,Well_02,723.29,2487.42,427.21
2020-07-05,Well_02,673.34,2824.66,399.18
2020-07-06,Well_02,694.89,2553.97,413.49
2020-07-07,Well_02,703.57,2347.73,420.21
2020-07-08,Well_02,673.13,2797.86,403.52
2020-07-09,Well_02,687.16,3322.52,413.45
2020-07-10,Well_02,622.21,2507.03,375.76
2020-07-11,Well_02,717.48,3086.3,434.9
2020-07-12,Well_02,729.64,2960.56,443.9
2020-07-13,Well_02,635.22,2540.44,387.88
2020-07-14,Well_02,679.63,2941.17,416.53
2020-07-15,Well_02,652.09,2567.67,401.13
2020-07-16,Well_02,687.99,2832.74,424.77
2020-07-17,Well_02,716.06,2960.87,443.72
2020-07-18,Well_02,727.58,2776.26,452.52
2020-07-19,Well_02,732.17,3185.77,457.05
2020-07-20,Well_02,738.51,2935.42,462.69
2020-07-21,Well_02,687.46,2603.74,432.29
2020-07-22,Well_02,656.85,2761.55,414.55
2020-07-23,Well_02,691.17,2585.98,437.81
2020-07-24,Well_02,715.87,2892.3,455.11
2020-07-25,Well_02,654.49,2636.43,417.6
2020-07-26,Well_02,749.32,3283.06,479.86
2020-07-27,Well_02,724.06,3029.67,465.37
2020-07-28,Well_02,687.71,2766.75,443.62
2020-07-29,Well_02,671.06,2882.14,434.46
2020-07-30,Well_02,672.18,3011.06,436.77
2020-07-31,Well_02,695.97,2930.79,453.87
2020-08-01,Well_02,685.75,2766.69,448.83
2020-08-02,Well_02,723.33,2609.86,475.14
2020-08-03,Well_02,681.17,2511.96,449.07
2020-08-04,Well_02,707.81,2783.66,468.33
2020-08-05,Well_02,690.06,2646.14,458.24
2020-08-06,Well_02,698.89,2775.22,465.78
2020-08-07,Well_02,682.24,2762.7,456.32
2020-08-08,Well_02,711.16,2988.32,477.39
2020-08-09,Well_02,710.7,2848.81,478.8
2020-08-10,Well_02,701.43,2937.63,474.26
2020-08-11,Well_02,705.03,2856.76,478.41
2020-08-12,Well_02,655.27,2224.08,446.25
2020-08-13,Well_02,693.85,2586.86,474.22
2020-08-14,Well_02,721.5,2874.97,494.89
2020-08-15,Well_02,696.58,2536.3,479.52
2020-08-16,Well_02,648.04,2737.75,447.71
2020-08-17,Well_02,677.07,3063.64,469.44
2020-08-18,Well_02,688.72,3047.07,479.24
2020-08-19,Well_02,652.37,2584.91,455.57
2020-08-20,Well_02,632.43,2853.5,443.23
2020-08-21,Well_02,662.77,2703.55,466.16
2020-08-22,Well_02,648.15,2542.35,457.5
2020-08-23,Well_02,668.54,2562.76,473.58
2020-08-24,Well_02,618.89,2434.48,439.98
2020-08-25,Well_02,682.33,2665.2,486.82
2020-08-26,Well_02,644.17,2632.16,461.23
2020-08-27,Well_02,691.24,2822.32,496.7
2020-08-28,Well_02,650.91,2624.6,469.39
2020-08-29,Well_02,656.33,2738.27,474.98
2020-08-30,Well_02,649.74,2868.69,471.89
2020-08-31,Well_02,632.18,2742.02,460.77
2020-09-01,Well_02,723.69,2570.77,529.35
2020-09-02,Well_02,633.32,2031.4,464.89
2020-09-03,Well_02,675.77,2927.77,497.82
2020-09-04,Well_02,610.93,2193.46,451.65
2020-09-05,Well_02,651.5,2579.11,483.36
2020-09-06,Well_02,652.03,2382.4,485.46
2020-09-07,Well_02,634.69,2189.72,474.23
2020-09-08,Well_02,616.11,2591.25,461.98
2020-09-09,Well_02,622.37,2661.28,468.33
2020-09-10,Well_02,615.59,2367.1,464.86
2020-09-11,Well_02,693.78,2217.05,525.77
2020-09-12,Well_02,620.96,2393.83,472.25
2020-09-13,Well_02,633.8,2635.04,483.72
2020-09-14,Well_02,666.81,2370.0,510.71
2020-09-15,Well_02,587.84,2404.44,451.81
2020-09-16,Well_02,610.93,2459.76,471.22
2020-09-17,Well_02,599.19,2527.39,463.8
2020-09-18,Well_02,601.34,2447.3,467.1
2020-09-19,Well_02,595.64,2214.2,464.31
2020-09-20,Well_02,576.97,2548.52,451.34
2020-09-21,Well_02,599.92,2387.73,470.95
2020-09-22,Well_02,561.52,2258.64,442.35
2020-09-23,Well_02,615.7,2296.7,486.75
2020-09-24,Well_02,602.24,2341.66,477.78
2020-09-25,Well_02,567.96,2127.48,452.17
2020-09-26,Well_02,566.1,2250.48,452.27
2020-09-27,Well_02,582.78,2671.0,467.24
2020-09-28,Well_02,549.91,1973.5,442.44
2020-09-29,Well_02,618.41,2171.12,499.29
2020-09-30,Well_02,575.16,2591.45,466.0
2020-10-01,Well_02,572.81,2270.43,465.73
2020-10-02,Well_02,577.34,2202.79,471.06
2020-10-03,Well_02,539.74,2356.81,441.93
2020-10-04,Well_02,581.7,2231.32,477.95
2020-10-05,Well_02,552.0,2550.27,455.14
2020-10-06,Well_02,571.22,2427.58,472.64
2020-10-07,Well_02,537.02,2080.33,445.9
2020-10-08,Well_02,574.37,2715.0,478.58
2020-10-09,Well_02,546.54,2096.44,456.98
2020-10-10,Well_02,590.73,2522.72,495.66
2020-10-11,Well_02,519.51,2144.39,437.43
2020-10-12,Well_02,531.54,2365.87,449.12
2020-10-13,Well_02,495.65,2247.66,420.26
2020-10-14,Well_02,505.79,2044.14,430.36
2020-10-15,Well_02,532.85,2018.54,454.97
2020-10-16,Well_02,543.05,2269.71,465.3
2020-10-17,Well_02,587.86,2241.28,505.45
2020-10-18,Well_02,504.74,2362.44,435.5
2020-10-19,Well_02,479.95,1955.89,415.55
2020-10-20,Well_02,520.72,2037.78,452.43
2020-10-21,Well_02,469.04,1918.71,408.94
2020-10-22,Well_02,509.79,1833.6,446.03
2020-10-23,Well_02,479.41,1782.36,420.91
2020-10-24,Well_02,494.86,2186.47,435.99
2020-10-25,Well_02,514.5,1965.04,454.87
2020-10-26,Well_02,480.96,1776.46,426.7
2020-10-27,Well_02,504.75,2122.09,449.37
2020-10-28,Well_02,500.44,2208.75,447.09
2020-10-29,Well_02,428.46,1826.54,384.11
2020-10-30,Well_02,450.24,1959.62,405.04
2020-10-31,Well_02,431.1,1632.64,389.18
2020-11-01,Well_02,518.07,1850.89,469.31
2020-11-02,Well_02,462.72,2089.35,420.63
2020-11-03,Well_02,507.34,1992.4,462.8
2020-11-04,Well_02,419.88,1658.67,384.35
2020-11-05,Well_02,443.96,1979.85,407.8
2020-11-06,Well_02,475.69,2002.91,438.47
2020-11-07,Well_02,458.06,1913.88,423.69
2020-11-08,Well_02,464.56,2197.1,431.2
2020-11-09,Well_02,418.54,1600.37,389.84
2020-11-10,Well_02,480.93,2082.64,449.5
2020-11-11,Well_02,464.18,1879.72,435.35
2020-11-12,Well_02,453.02,1865.44,426.36
2020-11-13,Well_02,424.69,1921.33,401.08
2020-11-14,Well_02,447.31,1876.45,423.92
2020-11-15,Well_02,430.63,1810.72,409.53
2020-11-16,Well_02,396.19,1734.15,378.08
2020-11-17,Well_02,433.03,1694.65,414.67
2020-11-18,Well_02,428.85,1612.73,412.1
2020-11-19,Well_02,456.4,1686.05,440.1
2020-11-20,Well_02,376.31,1278.34,364.13
2020-11-21,Well_02,433.64,2035.64,421.06
2020-11-22,Well_02,399.29,1467.54,389.05
2020-11-23,Well_02,432.84,1713.99,423.21
2020-11-24,Well_02,432.83,1706.17,424.67
2020-11-25,Well_02,420.74,1737.79,414.24
2020-11-26,Well_02,440.51,1891.66,435.21
2020-11-27,Well_02,391.38,1686.32,388.01
2020-11-28,Well_02,445.21,1711.0,442.91
2020-11-29,Well_02,401.94,1598.64,401.26
2020-11-30,Well_02,381.38,1572.19,382.06
2020-12-01,Well_02,410.23,1620.8,412.38
2020-12-02,Well_02,367.39,1671.48,370.6
2020-12-03,Well_02,420.7,1762.53,425.85
2020-12-04,Well_02,408.17,1742.13,414.59
2020-12-05,Well_02,441.59,1874.54,450.1
2020-12-06,Well_02,427.53,1885.27,437.29
2020-12-07,Well_02,380.51,1556.11,390.54
2020-12-08,Well_02,392.58,1418.38,404.33
2020-12-09,Well_02,422.83,1759.03,437.0
2020-12-10,Well_02,429.69,1641.9,445.63
2020-12-11,Well_02,437.65,1689.65,455.46
2020-12-12,Well_02,437.01,1844.33,456.38
2020-12-13,Well_02,407.45,1805.22,426.98
2020-12-14,Well_02,417.24,1684.82,438.76
2020-12-15,Well_02,437.76,1808.31,461.94
2020-12-16,Well_02,401.95,1840.97,425.62
2020-12-17,Well_02,416.88,1712.89,442.97
2020-12-18,Well_02,401.13,1953.58,427.71
2020-12-19,Well_02,396.1,1669.01,423.82
2020-12-20,Well_02,409.19,1417.18,439.35
2020-12-21,Well_02,393.05,1679.93,423.48
2020-12-22,Well_02,405.2,1683.25,438.1
2020-12-23,Well_02,385.55,1714.61,418.3
2020-12-24,Well_02,403.97,1716.19,439.81
2020-12-25,Well_02,417.85,1665.77,456.5
2020-12-26,Well_02,395.53,1438.29,433.62
2020-12-27,Well_02,408.53,1619.33,449.43
2020-12-28,Well_02,411.44,1545.76,454.21
2020-12-29,Well_02,418.28,1607.85,463.36
2020-12-30,Well_02,405.91,1713.34,451.23
2020-01-01,Well_03,1109.0,5482.76,149.91
2020-01-02,Well_03,1016.58,4907.36,138.35
2020-01-03,Well_03,1043.48,4715.08,142.98
2020-01-04,Well_03,1053.25,4373.69,145.29
2020-01-05,Well_03,1013.64,4618.93,140.77
2020-01-06,Well_03,1090.14,6360.29,152.4
2020-01-07,Well_03,1052.13,4858.98,148.06
2020-01-08,Well_03,1082.07,4384.24,153.28
2020-01-09,Well_03,1016.29,5169.37,144.91
2020-01-10,Well_03,1041.45,5346.54,149.47
2020-01-11,Well_03,1103.14,5846.37,159.36
2020-01-12,Well_03,1048.41,5227.32,152.43
2020-01-13,Well_03,1158.21,5941.57,169.48
2020-01-14,Well_03,1050.46,5790.44,154.7
2020-01-15,Well_03,1084.14,4898.53,160.68
2020-01-16,Well_03,1121.96,4983.83,167.34
2020-01-17,Well_03,1003.06,4397.55,150.56
2020-01-18,Well_03,987.08,4641.98,149.09
2020-01-19,Well_03,1000.56,5358.92,152.08
2020-01-20,Well_03,1144.08,5729.41,174.98
2020-01-21,Well_03,1052.85,5256.62,162.02
2020-01-22,Well_03,1212.11,4976.42,187.69
2020-01-23,Well_03,1054.5,4785.81,164.29
2020-01-24,Well_03,1093.48,4482.5,171.4
2020-01-25,Well_03,1163.09,6112.17,183.43
2020-01-26,Well_03,1187.25,6428.27,188.38
2020-01-27,Well_03,1190.64,6077.68,190.06
2020-01-28,Well_03,1148.12,5081.13,184.37
2020-01-29,Well_03,1139.31,6123.31,184.06
2020-01-30,Well_03,1118.0,5263.03,181.69
2020-01-31,Well_03,1127.64,4891.81,184.35
2020-02-01,Well_03,1061.2,4705.55,174.51
2020-02-02,Well_03,1048.03,4862.39,173.36
2020-02-03,Well_03,1088.89,5252.75,181.18
2020-02-04,Well_03,1080.52,5124.79,180.84
2020-02-05,Well_03,1066.28,4544.37,179.49
2020-02-06,Well_03,1123.31,5921.3,190.19
2020-02-07,Well_03,1135.79,5391.6,193.41
2020-02-08,Well_03,1092.23,4948.37,187.06
2020-02-09,Well_03,1160.54,6071.6,199.9
2020-02-10,Well_03,1030.08,4480.85,178.44
2020-02-11,Well_03,1076.26,4497.46,187.5
2020-02-12,Well_03,1049.56,5556.42,183.89
2020-02-13,Well_03,991.93,5487.28,174.77
2020-02-14,Well_03,1078.81,4991.94,191.14
2020-02-15,Well_03,1075.69,5149.57,191.65
2020-02-16,Well_03,1154.69,5039.23,206.88
2020-02-17,Well_03,1109.88,5335.23,199.95
2020-02-18,Well_03,1027.26,4748.05,186.09
2020-02-19,Well_03,1166.47,5558.99,212.47
2020-02-20,Well_03,1133.69,5625.62,207.63
2020-02-21,Well_03,1100.6,4823.71,202.68
2020-02-22,Well_03,1059.23,4942.21,196.12
2020-02-23,Well_03,1021.55,4200.15,190.17
2020-02-24,Well_03,1047.98,4892.47,196.14
2020-02-25,Well_03,1116.62,5325.16,210.11
2020-02-26,Well_03,1152.75,5640.3,218.08
2020-02-27,Well_03,1133.66,5551.52,215.61
2020-02-28,Well_03,1032.84,5321.6,197.48
2020-02-29,Well_03,999.81,4212.25,192.18
2020-03-01,Well_03,1057.87,4478.57,204.41
2020-03-02,Well_03,963.18,4823.81,187.1
2020-03-03,Well_03,1060.86,4265.86,207.15
2020-03-04,Well_03,1035.25,5047.2,203.21
2020-03-05,Well_03,1016.91,4424.78,200.65
2020-03-06,Well_03,959.77,5191.83,190.36
2020-03-07,Well_03,1057.34,5182.23,210.8
2020-03-08,Well_03,1004.05,4739.8,201.21
2020-03-09,Well_03,970.32,5120.2,195.45
2020-03-10,Well_03,885.91,3894.59,179.36
2020-03-11,Well_03,1017.71,4548.33,207.1
2020-03-12,Well_03,1099.49,4749.8,224.88
2020-03-13,Well_03,1090.42,4876.8,224.15
2020-03-14,Well_03,986.32,4762.36,203.78
2020-03-15,Well_03,975.68,4873.32,202.6
2020-03-16,Well_03,1022.39,5290.34,213.36
2020-03-17,Well_03,949.3,3895.45,199.1
2020-03-18,Well_03,1006.58,4770.01,212.16
2020-03-19,Well_03,1024.35,4485.58,216.99
2020-03-20,Well_03,1041.87,4923.85,221.79
2020-03-21,Well_03,975.48,5562.35,208.68
2020-03-22,Well_03,966.5,4752.37,207.78
2020-03-23,Well_03,930.82,4794.32,201.09
2020-03-24,Well_03,929.05,5164.18,201.69
2020-03-25,Well_03,952.84,4991.23,207.87
2020-03-26,Well_03,976.23,4522.62,214.0
2020-03-27,Well_03,997.31,4302.88,219.68
2020-03-28,Well_03,913.26,4377.55,202.14
2020-03-29,Well_03,1015.41,4657.38,225.84
2020-03-30,Well_03,929.34,3920.79,207.69
2020-03-31,Well_03,936.57,4586.85,210.3
2020-04-01,Well_03,898.72,4410.11,202.77
2020-04-02,Well_03,817.11,4481.83,185.23
2020-04-03,Well_03,965.22,4503.59,219.85
2020-04-04,Well_03,954.07,4686.93,218.33
2020-04-05,Well_03,902.95,4107.61,207.61
2020-04-06,Well_03,914.62,4701.67,211.29
2020-04-07,Well_03,930.88,4428.19,216.05
2020-04-08,Well_03,831.54,3620.67,193.9
2020-04-09,Well_03,874.57,4197.7,204.88
2020-04-10,Well_03,930.71,4611.68,219.05
2020-04-11,Well_03,833.19,4085.14,197.0
2020-04-12,Well_03,899.48,4683.52,213.66
2020-04-13,Well_03,820.4,3485.29,195.77
2020-04-14,Well_03,899.05,4028.63,215.53
2020-04-15,Well_03,872.24,4405.54,210.06
2020-04-16,Well_03,796.81,3606.47,192.77
2020-04-17,Well_03,918.48,4498.13,223.22
2020-04-18,Well_03,828.85,3211.62,202.35
2020-04-19,Well_03,821.64,4805.67,201.5
2020-04-20,Well_03,863.35,4058.78,212.69
2020-04-21,Well_03,902.17,4748.89,223.25
2020-04-22,Well_03,801.35,3746.64,199.2
2020-04-23,Well_03,846.06,4200.08,211.25
2020-04-24,Well_03,858.92,4619.62,215.42
2020-04-25,Well_03,867.22,4555.54,218.47
2020-04-26,Well_03,840.73,3973.54,212.74
2020-04-27,Well_03,813.18,3864.96,206.68
2020-04-28,Well_03,789.46,4097.8,201.54
2020-04-29,Well_03,826.91,4714.86,212.04
2020-04-30,Well_03,772.43,3768.53,198.94
2020-05-01,Well_03,687.56,3820.9,177.86
2020-05-02,Well_03,833.34,3926.77,216.51
2020-05-03,Well_03,851.1,4400.91,222.09
2020-05-04,Well_03,704.17,3681.54,184.55
2020-05-05,Well_03,761.25,3537.77,200.38
2020-05-06,Well_03,830.38,3751.43,219.52
2020-05-07,Well_03,891.03,4673.63,236.57
2020-05-08,Well_03,799.15,3676.56,213.09
2020-05-09,Well_03,764.03,3408.44,204.61
2020-05-10,Well_03,785.71,3568.67,211.31
2020-05-11,Well_03,851.65,3916.76,230.03
2020-05-12,Well_03,761.37,3909.02,206.52
2020-05-13,Well_03,752.8,3766.18,205.07
2020-05-14,Well_03,764.78,3885.1,209.22
2020-05-15,Well_03,742.63,3688.54,204.02
2020-05-16,Well_03,787.73,3605.16,217.32
2020-05-17,Well_03,851.26,4318.35,235.84
2020-05-18,Well_03,793.4,4172.84,220.74
2020-05-19,Well_03,767.17,3858.54,214.34
2020-05-20,Well_03,764.23,3804.16,214.41
2020-05-21,Well_03,708.31,3194.52,199.55
2020-05-22,Well_03,812.62,3970.73,229.89
2020-05-23,Well_03,770.32,3458.42,218.83
2020-05-24,Well_03,765.05,3668.95,218.24
2020-05-25,Well_03,908.88,3794.02,260.34
2020-05-26,Well_03,784.15,3275.68,225.54
2020-05-27,Well_03,738.66,3494.94,213.33
2020-05-28,Well_03,752.11,3455.25,218.11
2020-05-29,Well_03,818.86,3968.17,238.44
2020-05-30,Well_03,774.44,3680.98,226.43
2020-05-31,Well_03,708.27,3411.41,207.93
2020-06-01,Well_03,808.3,4072.91,238.26
2020-06-02,Well_03,740.93,3428.16,219.29
2020-06-03,Well_03,848.6,4005.85,252.18
2020-06-04,Well_03,815.09,4372.33,243.2
2020-06-05,Well_03,750.78,3608.3,224.92
2020-06-06,Well_03,823.96,3902.28,247.83
2020-06-07,Well_03,773.19,3739.64,233.5
2020-06-08,Well_03,806.64,3825.8,244.58
2020-06-09,Well_03,791.67,3587.98,241.0
2020-06-10,Well_03,736.44,3256.02,225.08
2020-06-11,Well_03,745.66,3363.99,228.81
2020-06-12,Well_03,816.4,4196.67,251.51
2020-06-13,Well_03,760.17,3468.5,235.12
2020-06-14,Well_03,758.19,3597.89,235.44
2020-06-15,Well_03,736.19,3735.61,229.51
2020-06-16,Well_03,794.56,3732.76,248.69
2020-06-17,Well_03,863.63,4359.94,271.37
2020-06-18,Well_03,734.84,3095.59,231.81
2020-06-19,Well_03,781.26,3714.07,247.42
2020-06-20,Well_03,839.85,4060.87,267.01
2020-06-21,Well_03,779.41,3751.95,248.77
2020-06-22,Well_03,802.65,3346.67,257.18
2020-06-23,Well_03,741.58,3906.16,238.54
2020-06-24,Well_03,804.31,3600.38,259.72
2020-06-25,Well_03,780.41,3850.31,252.98
2020-06-26,Well_03,829.96,3990.4,270.08
2020-06-27,Well_03,839.62,4358.25,274.28
2020-06-28,Well_03,898.39,5072.09,294.61
2020-06-29,Well_03,817.67,3523.25,269.17
2020-06-30,Well_03,808.81,3684.53,267.28
2020-07-01,Well_03,804.99,3926.42,267.03
2020-07-02,Well_03,784.27,3435.12,261.15
2020-07-03,Well_03,813.96,4155.71,272.07
2020-07-04,Well_03,789.8,4050.98,265.0
2020-07-05,Well_03,810.19,4067.14,272.88
2020-07-06,Well_03,858.25,4201.87,290.16
2020-07-07,Well_03,765.88,4083.24,259.91
2020-07-08,Well_03,854.1,3724.48,290.95
2020-07-09,Well_03,862.75,4167.08,295.0
2020-07-10,Well_03,806.51,3646.15,276.81
2020-07-11,Well_03,727.57,3744.77,250.65
2020-07-12,Well_03,789.95,3238.96,273.17
2020-07-13,Well_03,867.81,4160.39,301.22
2020-07-14,Well_03,816.43,4028.07,284.44
2020-07-15,Well_03,778.89,3458.8,272.37
2020-07-16,Well_03,800.11,3651.87,280.84
2020-07-17,Well_03,855.15,4113.98,301.27
2020-07-18,Well_03,844.79,4369.28,298.73
2020-07-19,Well_03,814.88,3591.91,289.22
2020-07-20,Well_03,811.12,3629.72,288.95
2020-07-21,Well_03,811.42,4249.86,290.12
2020-07-22,Well_03,791.66,3720.79,284.1
2020-07-23,Well_03,893.16,4024.61,321.71
2020-07-24,Well_03,817.74,4158.2,295.62
2020-07-25,Well_03,879.49,4060.84,319.11
2020-07-26,Well_03,892.42,4640.43,324.99
2020-07-27,Well_03,872.75,3970.82,318.99
2020-07-28,Well_03,817.49,3877.81,299.88
2020-07-29,Well_03,851.1,4398.61,313.34
2020-07-30,Well_03,835.12,3940.05,308.58
2020-07-31,Well_03,801.48,4083.95,297.22
2020-08-01,Well_03,850.12,4063.31,316.4
2020-08-02,Well_03,792.1,4409.34,295.88
2020-08-03,Well_03,884.8,4784.96,331.7
2020-08-04,Well_03,820.98,3525.6,308.88
2020-08-05,Well_03,847.23,4240.94,319.9
2020-08-06,Well_03,850.72,3820.64,322.37
2020-08-07,Well_03,829.95,4048.94,315.64
2020-08-08,Well_03,862.82,4168.42,329.31
2020-08-09,Well_03,821.89,3615.69,314.81
2020-08-10,Well_03,873.82,4554.16,335.9
2020-08-11,Well_03,788.35,3849.57,304.12
2020-08-12,Well_03,844.88,3967.1,327.09
2020-08-13,Well_03,914.22,4238.8,355.19
2020-08-14,Well_03,801.13,3892.41,312.36
2020-08-15,Well_03,813.14,4034.59,318.17
2020-08-16,Well_03,858.27,4082.65,337.01
2020-08-17,Well_03,844.92,3139.81,332.94
2020-08-18,Well_03,850.79,4093.51,336.44
2020-08-19,Well_03,855.33,3635.85,339.42
2020-08-20,Well_03,860.03,4063.14,342.49
2020-08-21,Well_03,877.15,3741.04,350.53
2020-08-22,Well_03,849.58,3619.58,340.71
2020-08-23,Well_03,823.86,4349.7,331.55
2020-08-24,Well_03,857.29,4013.71,346.2
2020-08-25,Well_03,902.38,4198.26,365.69
2020-08-26,Well_03,824.34,4113.77,335.22
2020-08-27,Well_03,791.26,3689.22,322.89
2020-08-28,Well_03,868.13,4873.32,355.49
2020-08-29,Well_03,820.43,3856.01,337.13
2020-08-30,Well_03,741.86,3668.67,305.89
2020-08-31,Well_03,853.37,4418.86,353.09
2020-09-01,Well_03,799.84,4335.75,332.08
2020-09-02,Well_03,814.62,3681.83,339.39
2020-09-03,Well_03,828.46,3847.55,346.34
2020-09-04,Well_03,821.17,4347.95,344.48
2020-09-05,Well_03,838.38,4289.4,352.91
2020-09-06,Well_03,793.67,4141.54,335.23
2020-09-07,Well_03,826.66,3537.11,350.36
2020-09-08,Well_03,795.73,4296.91,338.41
2020-09-09,Well_03,830.32,3746.59,354.32
2020-09-10,Well_03,823.3,4016.76,352.53
2020-09-11,Well_03,763.59,3625.46,328.07
2020-09-12,Well_03,835.55,3732.6,360.21
2020-09-13,Well_03,773.23,3295.47,334.48
2020-09-14,Well_03,819.97,3390.24,355.9
2020-09-15,Well_03,801.04,3885.59,348.86
2020-09-16,Well_03,852.14,3594.83,372.37
2020-09-17,Well_03,773.8,3380.81,339.28
2020-09-18,Well_03,766.35,3617.99,337.14
2020-09-19,Well_03,775.48,2939.51,342.31
2020-09-20,Well_03,762.18,3890.42,337.57
2020-09-21,Well_03,799.32,3100.22,355.21
2020-09-22,Well_03,708.45,3382.95,315.89
2020-09-23,Well_03,725.86,3491.86,324.73
2020-09-24,Well_03,722.28,3619.85,324.21
2020-09-25,Well_03,792.2,3793.74,356.79
2020-09-26,Well_03,816.44,4556.19,368.94
2020-09-27,Well_03,747.65,3654.53,338.98
2020-09-28,Well_03,742.09,3866.24,337.58
2020-09-29,Well_03,747.44,3383.5,341.14
2020-09-30,Well_03,783.39,3800.46,358.74
2020-10-01,Well_03,705.06,3807.15,323.94
2020-10-02,Well_03,743.56,3504.81,342.76
2020-10-03,Well_03,766.59,3740.05,354.55
2020-10-04,Well_03,746.26,3867.09,346.29
2020-10-05,Well_03,731.78,3307.34,340.69
2020-10-06,Well_03,757.34,3009.68,353.75
2020-10-07,Well_03,622.1,3050.25,291.54
2020-10-08,Well_03,739.05,3831.95,347.49
2020-10-09,Well_03,688.4,2950.07,324.74
2020-10-10,Well_03,643.39,3257.17,304.5
2020-10-11,Well_03,723.03,3662.25,343.32
2020-10-12,Well_03,750.17,2948.92,357.37
2020-10-13,Well_03,693.46,3082.42,331.43
2020-10-14,Well_03,728.61,3390.02,349.37
2020-10-15,Well_03,748.5,3544.78,360.08
2020-10-16,Well_03,734.72,3320.36,354.6
2020-10-17,Well_03,742.83,3341.67,359.69
2020-10-18,Well_03,708.08,3857.2,343.98
2020-10-19,Well_03,681.53,3246.52,332.15
2020-10-20,Well_03,619.74,2812.24,303.02
2020-10-21,Well_03,664.05,3180.19,325.74
2020-10-22,Well_03,640.17,3208.12,315.04
2020-10-23,Well_03,742.11,3580.52,366.39
2020-10-24,Well_03,657.42,3106.86,325.63
2020-10-25,Well_03,664.86,3028.48,330.38
2020-10-26,Well_03,676.8,3079.69,337.39
2020-10-27,Well_03,656.32,3002.76,328.24
2020-10-28,Well_03,710.61,3506.97,356.53
2020-10-29,Well_03,627.74,2776.33,315.97
2020-10-30,Well_03,653.24,3237.5,329.86
2020-10-31,Well_03,618.3,3306.73,313.22
2020-11-01,Well_03,595.88,2937.75,302.82
2020-11-02,Well_03,617.72,2880.33,314.93
2020-11-03,Well_03,634.97,2734.14,324.76
2020-11-04,Well_03,619.12,3350.37,317.66
2020-11-05,Well_03,607.78,2646.97,312.84
2020-11-06,Well_03,581.13,2981.84,300.08
2020-11-07,Well_03,624.09,3151.88,323.29
2020-11-08,Well_03,573.51,2703.48,298.03
2020-11-09,Well_03,648.51,3050.47,338.07
2020-11-10,Well_03,623.43,2555.61,326.03
2020-11-11,Well_03,569.23,2807.33,298.63
2020-11-12,Well_03,606.3,3057.71,319.09
2020-11-13,Well_03,589.52,2585.78,311.24
2020-11-14,Well_03,623.99,2960.84,330.48
2020-11-15,Well_03,656.75,3165.17,348.93
2020-11-16,Well_03,546.77,2750.03,291.41
2020-11-17,Well_03,612.27,2942.81,327.35
2020-11-18,Well_03,601.57,2514.43,322.65
2020-11-19,Well_03,628.09,2889.99,337.93
2020-11-20,Well_03,611.41,2990.57,329.99
2020-11-21,Well_03,577.89,2963.62,312.87
2020-11-22,Well_03,591.23,2700.44,321.1
2020-11-23,Well_03,574.26,3242.15,312.86
2020-11-24,Well_03,635.66,2591.38,347.4
2020-11-25,Well_03,599.59,2751.08,328.72
2020-11-26,Well_03,661.2,3155.9,363.62
2020-11-27,Well_03,595.25,2814.17,328.38
2020-11-28,Well_03,573.09,2482.2,317.14
2020-11-29,Well_03,545.85,2716.71,303.01
2020-11-30,Well_03,535.8,2650.89,298.35
2020-12-01,Well_03,542.63,2617.28,303.1
2020-12-02,Well_03,603.29,2975.71,338.03
2020-12-03,Well_03,610.89,2835.77,343.35
2020-12-04,Well_03,541.93,2267.0,305.54
2020-12-05,Well_03,623.06,2822.12,352.37
2020-12-06,Well_03,577.73,2810.84,327.75
2020-12-07,Well_03,598.31,2912.25,340.47
2020-12-08,Well_03,646.2,3115.21,368.86
2020-12-09,Well_03,622.85,3124.13,356.63
2020-12-10,Well_03,584.97,2680.06,335.98
2020-12-11,Well_03,564.92,2720.18,325.46
2020-12-12,Well_03,524.25,2634.26,302.96
2020-12-13,Well_03,571.17,2725.77,331.09
2020-12-14,Well_03,588.05,2544.46,341.93
2020-12-15,Well_03,563.37,2498.74,328.59
2020-12-16,Well_03,591.58,3031.4,346.1
2020-12-17,Well_03,598.85,3197.94,351.43
2020-12-18,Well_03,589.72,3099.95,347.13
2020-12-19,Well_03,576.69,2822.41,340.5
2020-12-20,Well_03,603.73,2621.66,357.56
2020-12-21,Well_03,613.24,2945.06,364.31
2020-12-22,Well_03,564.89,3053.46,336.61
2020-12-23,Well_03,645.84,3256.74,386.02
2020-12-24,Well_03,598.39,2827.49,358.76
2020-12-25,Well_03,603.05,3043.34,362.65
2020-12-26,Well_03,625.98,2702.32,377.59
2020-12-27,Well_03,611.8,2776.05,370.16
2020-12-28,Well_03,635.69,2789.52,385.79
2020-12-29,Well_03,615.55,3068.76,374.7
2020-12-30,Well_03,588.08,2987.11,359.07
